-- phpMyAdmin SQL Dump
-- version 5.2.1
-- https://www.phpmyadmin.net/
--
-- Host: 127.0.0.1:3306
-- Generation Time: Apr 20, 2026 at 09:24 PM
-- Server version: 10.4.32-MariaDB
-- PHP Version: 8.2.12

SET SQL_MODE = "NO_AUTO_VALUE_ON_ZERO";
START TRANSACTION;
SET time_zone = "+00:00";


/*!40101 SET @OLD_CHARACTER_SET_CLIENT=@@CHARACTER_SET_CLIENT */;
/*!40101 SET @OLD_CHARACTER_SET_RESULTS=@@CHARACTER_SET_RESULTS */;
/*!40101 SET @OLD_COLLATION_CONNECTION=@@COLLATION_CONNECTION */;
/*!40101 SET NAMES utf8mb4 */;

--
-- Database: `college_attendance_db`
--

-- --------------------------------------------------------

--
-- Table structure for table `attendances`
--

CREATE TABLE `attendances` (
  `id` bigint(20) UNSIGNED NOT NULL,
  `module_distribution_id` bigint(20) UNSIGNED NOT NULL,
  `class_timing_id` bigint(20) UNSIGNED DEFAULT NULL,
  `week_id` bigint(20) UNSIGNED DEFAULT NULL,
  `student_id` bigint(20) UNSIGNED NOT NULL,
  `academic_year` varchar(255) NOT NULL,
  `date` date NOT NULL,
  `is_present` tinyint(1) NOT NULL DEFAULT 0,
  `attendance_source` varchar(20) NOT NULL DEFAULT 'manual',
  `created_at` timestamp NULL DEFAULT NULL,
  `updated_at` timestamp NULL DEFAULT NULL
) ENGINE=InnoDB DEFAULT CHARSET=utf8mb4 COLLATE=utf8mb4_unicode_ci;

--
-- Dumping data for table `attendances`
--

INSERT INTO `attendances` (`id`, `module_distribution_id`, `class_timing_id`, `week_id`, `student_id`, `academic_year`, `date`, `is_present`, `attendance_source`, `created_at`, `updated_at`) VALUES
(1, 57, 18, 1, 10, '2026', '2026-04-19', 1, 'manual', '2026-04-19 16:23:12', '2026-04-19 16:23:12'),
(2, 1, 1, 1, 4, '2026', '2026-04-19', 1, 'manual', '2026-04-19 16:27:33', '2026-04-19 16:27:33'),
(3, 15, 5, 1, 17, '2026', '2026-04-19', 1, 'manual', '2026-04-19 17:08:40', '2026-04-19 17:08:40');

-- --------------------------------------------------------

--
-- Table structure for table `cache`
--

CREATE TABLE `cache` (
  `key` varchar(255) NOT NULL,
  `value` mediumtext NOT NULL,
  `expiration` int(11) NOT NULL
) ENGINE=InnoDB DEFAULT CHARSET=utf8mb4 COLLATE=utf8mb4_unicode_ci;

-- --------------------------------------------------------

--
-- Table structure for table `cache_locks`
--

CREATE TABLE `cache_locks` (
  `key` varchar(255) NOT NULL,
  `owner` varchar(255) NOT NULL,
  `expiration` int(11) NOT NULL
) ENGINE=InnoDB DEFAULT CHARSET=utf8mb4 COLLATE=utf8mb4_unicode_ci;

-- --------------------------------------------------------

--
-- Table structure for table `class_timings`
--

CREATE TABLE `class_timings` (
  `id` bigint(20) UNSIGNED NOT NULL,
  `module_distribution_id` bigint(20) UNSIGNED NOT NULL,
  `week_id` bigint(20) UNSIGNED DEFAULT NULL,
  `day` varchar(20) NOT NULL,
  `time` varchar(50) NOT NULL,
  `room` varchar(255) NOT NULL,
  `created_at` timestamp NULL DEFAULT NULL,
  `updated_at` timestamp NULL DEFAULT NULL
) ENGINE=InnoDB DEFAULT CHARSET=utf8mb4 COLLATE=utf8mb4_unicode_ci;

--
-- Dumping data for table `class_timings`
--

INSERT INTO `class_timings` (`id`, `module_distribution_id`, `week_id`, `day`, `time`, `room`, `created_at`, `updated_at`) VALUES
(1, 1, NULL, 'Tuesday', '11:00 - 13:00', 'ICT-Room-B', '2026-04-19 16:21:41', '2026-04-19 16:21:41'),
(2, 1, NULL, 'Monday', '07:00 - 09:00', 'ICT-Lab-2', '2026-04-19 16:21:41', '2026-04-19 16:21:41'),
(3, 8, NULL, 'Thursday', '07:00 - 09:00', 'ICT-Lab-2', '2026-04-19 16:21:41', '2026-04-19 16:21:41'),
(4, 8, NULL, 'Monday', '07:00 - 09:00', 'ICT-Room-A', '2026-04-19 16:21:41', '2026-04-19 16:21:41'),
(5, 15, NULL, 'Friday', '09:00 - 11:00', 'ICT-Room-A', '2026-04-19 16:21:41', '2026-04-19 16:21:41'),
(6, 15, NULL, 'Tuesday', '11:00 - 13:00', 'ICT-Room-A', '2026-04-19 16:21:41', '2026-04-19 16:21:41'),
(7, 22, NULL, 'Monday', '07:00 - 09:00', 'ICT-Room-B', '2026-04-19 16:21:41', '2026-04-19 16:21:41'),
(8, 22, NULL, 'Thursday', '09:00 - 11:00', 'ICT-Room-B', '2026-04-19 16:21:41', '2026-04-19 16:21:41'),
(9, 29, NULL, 'Friday', '11:00 - 13:00', 'ICT-Room-B', '2026-04-19 16:21:41', '2026-04-19 16:21:41'),
(10, 29, NULL, 'Thursday', '16:00 - 18:00', 'ICT-Room-A', '2026-04-19 16:21:41', '2026-04-19 16:21:41'),
(11, 36, NULL, 'Wednesday', '11:00 - 13:00', 'ICT-Lab-2', '2026-04-19 16:21:41', '2026-04-19 16:21:41'),
(12, 36, NULL, 'Tuesday', '07:00 - 09:00', 'ICT-Lab-1', '2026-04-19 16:21:41', '2026-04-19 16:21:41'),
(13, 43, NULL, 'Wednesday', '14:00 - 16:00', 'ICT-Lab-1', '2026-04-19 16:21:41', '2026-04-19 16:21:41'),
(14, 43, NULL, 'Tuesday', '16:00 - 18:00', 'ICT-Lab-2', '2026-04-19 16:21:41', '2026-04-19 16:21:41'),
(15, 50, NULL, 'Wednesday', '14:00 - 16:00', 'ICT-Room-C', '2026-04-19 16:21:41', '2026-04-19 16:21:41'),
(16, 50, NULL, 'Monday', '14:00 - 16:00', 'ICT-Room-C', '2026-04-19 16:21:41', '2026-04-19 16:21:41'),
(17, 57, NULL, 'Tuesday', '14:00 - 16:00', 'ICT-Room-B', '2026-04-19 16:21:41', '2026-04-19 16:21:41'),
(18, 57, NULL, 'Monday', '11:00 - 13:00', 'ICT-Room-C', '2026-04-19 16:21:41', '2026-04-19 16:21:41'),
(19, 2, NULL, 'Friday', '07:00 - 09:00', 'ICT-Lab-2', '2026-04-19 16:21:41', '2026-04-19 16:21:41'),
(20, 2, NULL, 'Tuesday', '14:00 - 16:00', 'ICT-Room-B', '2026-04-19 16:21:41', '2026-04-19 16:21:41'),
(21, 9, NULL, 'Tuesday', '16:00 - 18:00', 'ICT-Lab-2', '2026-04-19 16:21:41', '2026-04-19 16:21:41'),
(22, 9, NULL, 'Thursday', '16:00 - 18:00', 'ICT-Room-C', '2026-04-19 16:21:41', '2026-04-19 16:21:41'),
(23, 16, NULL, 'Tuesday', '11:00 - 13:00', 'ICT-Room-A', '2026-04-19 16:21:41', '2026-04-19 16:21:41'),
(24, 16, NULL, 'Friday', '14:00 - 16:00', 'ICT-Lab-1', '2026-04-19 16:21:41', '2026-04-19 16:21:41'),
(25, 23, NULL, 'Thursday', '07:00 - 09:00', 'ICT-Lab-2', '2026-04-19 16:21:41', '2026-04-19 16:21:41'),
(26, 23, NULL, 'Friday', '16:00 - 18:00', 'ICT-Room-C', '2026-04-19 16:21:41', '2026-04-19 16:21:41'),
(27, 30, NULL, 'Wednesday', '11:00 - 13:00', 'ICT-Room-A', '2026-04-19 16:21:41', '2026-04-19 16:21:41'),
(28, 30, NULL, 'Monday', '16:00 - 18:00', 'ICT-Room-C', '2026-04-19 16:21:41', '2026-04-19 16:21:41'),
(29, 37, NULL, 'Thursday', '14:00 - 16:00', 'ICT-Lab-1', '2026-04-19 16:21:41', '2026-04-19 16:21:41'),
(30, 37, NULL, 'Wednesday', '14:00 - 16:00', 'ICT-Room-B', '2026-04-19 16:21:41', '2026-04-19 16:21:41'),
(31, 44, NULL, 'Monday', '07:00 - 09:00', 'ICT-Room-C', '2026-04-19 16:21:41', '2026-04-19 16:21:41'),
(32, 44, NULL, 'Wednesday', '07:00 - 09:00', 'ICT-Room-C', '2026-04-19 16:21:41', '2026-04-19 16:21:41'),
(33, 51, NULL, 'Wednesday', '11:00 - 13:00', 'ICT-Room-B', '2026-04-19 16:21:41', '2026-04-19 16:21:41'),
(34, 51, NULL, 'Thursday', '09:00 - 11:00', 'ICT-Room-B', '2026-04-19 16:21:41', '2026-04-19 16:21:41'),
(35, 58, NULL, 'Wednesday', '11:00 - 13:00', 'ICT-Lab-1', '2026-04-19 16:21:41', '2026-04-19 16:21:41'),
(36, 58, NULL, 'Thursday', '07:00 - 09:00', 'ICT-Room-A', '2026-04-19 16:21:41', '2026-04-19 16:21:41'),
(37, 3, NULL, 'Friday', '09:00 - 11:00', 'ICT-Lab-2', '2026-04-19 16:21:41', '2026-04-19 16:21:41'),
(38, 3, NULL, 'Monday', '11:00 - 13:00', 'ICT-Room-B', '2026-04-19 16:21:41', '2026-04-19 16:21:41'),
(39, 10, NULL, 'Friday', '16:00 - 18:00', 'ICT-Room-C', '2026-04-19 16:21:41', '2026-04-19 16:21:41'),
(40, 10, NULL, 'Wednesday', '11:00 - 13:00', 'ICT-Room-B', '2026-04-19 16:21:41', '2026-04-19 16:21:41'),
(41, 17, NULL, 'Friday', '07:00 - 09:00', 'ICT-Room-B', '2026-04-19 16:21:41', '2026-04-19 16:21:41'),
(42, 17, NULL, 'Thursday', '09:00 - 11:00', 'ICT-Room-B', '2026-04-19 16:21:41', '2026-04-19 16:21:41'),
(43, 24, NULL, 'Friday', '16:00 - 18:00', 'ICT-Lab-1', '2026-04-19 16:21:41', '2026-04-19 16:21:41'),
(44, 24, NULL, 'Thursday', '16:00 - 18:00', 'ICT-Lab-1', '2026-04-19 16:21:41', '2026-04-19 16:21:41'),
(45, 31, NULL, 'Wednesday', '14:00 - 16:00', 'ICT-Lab-2', '2026-04-19 16:21:41', '2026-04-19 16:21:41'),
(46, 31, NULL, 'Friday', '07:00 - 09:00', 'ICT-Room-B', '2026-04-19 16:21:41', '2026-04-19 16:21:41'),
(47, 38, NULL, 'Monday', '11:00 - 13:00', 'ICT-Room-C', '2026-04-19 16:21:41', '2026-04-19 16:21:41'),
(48, 38, NULL, 'Friday', '16:00 - 18:00', 'ICT-Lab-2', '2026-04-19 16:21:41', '2026-04-19 16:21:41'),
(49, 45, NULL, 'Tuesday', '14:00 - 16:00', 'ICT-Room-A', '2026-04-19 16:21:41', '2026-04-19 16:21:41'),
(50, 45, NULL, 'Friday', '16:00 - 18:00', 'ICT-Lab-1', '2026-04-19 16:21:41', '2026-04-19 16:21:41'),
(51, 52, NULL, 'Wednesday', '14:00 - 16:00', 'ICT-Room-A', '2026-04-19 16:21:41', '2026-04-19 16:21:41'),
(52, 52, NULL, 'Tuesday', '09:00 - 11:00', 'ICT-Room-B', '2026-04-19 16:21:41', '2026-04-19 16:21:41'),
(53, 59, NULL, 'Tuesday', '07:00 - 09:00', 'ICT-Lab-2', '2026-04-19 16:21:41', '2026-04-19 16:21:41'),
(54, 59, NULL, 'Wednesday', '09:00 - 11:00', 'ICT-Room-C', '2026-04-19 16:21:41', '2026-04-19 16:21:41'),
(55, 4, NULL, 'Thursday', '16:00 - 18:00', 'ICT-Room-A', '2026-04-19 16:21:41', '2026-04-19 16:21:41'),
(56, 4, NULL, 'Tuesday', '09:00 - 11:00', 'ICT-Lab-1', '2026-04-19 16:21:41', '2026-04-19 16:21:41'),
(57, 11, NULL, 'Friday', '07:00 - 09:00', 'ICT-Room-A', '2026-04-19 16:21:41', '2026-04-19 16:21:41'),
(58, 11, NULL, 'Wednesday', '14:00 - 16:00', 'ICT-Room-C', '2026-04-19 16:21:41', '2026-04-19 16:21:41'),
(59, 18, NULL, 'Friday', '14:00 - 16:00', 'ICT-Room-A', '2026-04-19 16:21:41', '2026-04-19 16:21:41'),
(60, 18, NULL, 'Tuesday', '07:00 - 09:00', 'ICT-Lab-2', '2026-04-19 16:21:41', '2026-04-19 16:21:41'),
(61, 25, NULL, 'Wednesday', '16:00 - 18:00', 'ICT-Room-B', '2026-04-19 16:21:41', '2026-04-19 16:21:41'),
(62, 25, NULL, 'Monday', '07:00 - 09:00', 'ICT-Lab-2', '2026-04-19 16:21:41', '2026-04-19 16:21:41'),
(63, 32, NULL, 'Friday', '14:00 - 16:00', 'ICT-Room-C', '2026-04-19 16:21:41', '2026-04-19 16:21:41'),
(64, 32, NULL, 'Tuesday', '14:00 - 16:00', 'ICT-Room-B', '2026-04-19 16:21:41', '2026-04-19 16:21:41'),
(65, 39, NULL, 'Friday', '09:00 - 11:00', 'ICT-Lab-2', '2026-04-19 16:21:41', '2026-04-19 16:21:41'),
(66, 39, NULL, 'Tuesday', '14:00 - 16:00', 'ICT-Room-B', '2026-04-19 16:21:41', '2026-04-19 16:21:41'),
(67, 46, NULL, 'Tuesday', '16:00 - 18:00', 'ICT-Lab-2', '2026-04-19 16:21:41', '2026-04-19 16:21:41'),
(68, 46, NULL, 'Friday', '11:00 - 13:00', 'ICT-Room-A', '2026-04-19 16:21:41', '2026-04-19 16:21:41'),
(69, 53, NULL, 'Monday', '11:00 - 13:00', 'ICT-Room-C', '2026-04-19 16:21:41', '2026-04-19 16:21:41'),
(70, 53, NULL, 'Thursday', '16:00 - 18:00', 'ICT-Room-C', '2026-04-19 16:21:41', '2026-04-19 16:21:41'),
(71, 60, NULL, 'Tuesday', '16:00 - 18:00', 'ICT-Lab-1', '2026-04-19 16:21:41', '2026-04-19 16:21:41'),
(72, 60, NULL, 'Thursday', '16:00 - 18:00', 'ICT-Room-C', '2026-04-19 16:21:41', '2026-04-19 16:21:41'),
(73, 5, NULL, 'Tuesday', '16:00 - 18:00', 'ICT-Room-B', '2026-04-19 16:21:41', '2026-04-19 16:21:41'),
(74, 5, NULL, 'Friday', '14:00 - 16:00', 'ICT-Room-B', '2026-04-19 16:21:41', '2026-04-19 16:21:41'),
(75, 12, NULL, 'Tuesday', '09:00 - 11:00', 'ICT-Lab-2', '2026-04-19 16:21:41', '2026-04-19 16:21:41'),
(76, 12, NULL, 'Thursday', '11:00 - 13:00', 'ICT-Lab-1', '2026-04-19 16:21:41', '2026-04-19 16:21:41'),
(77, 19, NULL, 'Thursday', '11:00 - 13:00', 'ICT-Room-B', '2026-04-19 16:21:41', '2026-04-19 16:21:41'),
(78, 19, NULL, 'Friday', '09:00 - 11:00', 'ICT-Room-C', '2026-04-19 16:21:41', '2026-04-19 16:21:41'),
(79, 26, NULL, 'Tuesday', '11:00 - 13:00', 'ICT-Room-A', '2026-04-19 16:21:41', '2026-04-19 16:21:41'),
(80, 26, NULL, 'Wednesday', '09:00 - 11:00', 'ICT-Room-A', '2026-04-19 16:21:41', '2026-04-19 16:21:41'),
(81, 33, NULL, 'Thursday', '14:00 - 16:00', 'ICT-Lab-2', '2026-04-19 16:21:41', '2026-04-19 16:21:41'),
(82, 33, NULL, 'Tuesday', '16:00 - 18:00', 'ICT-Room-C', '2026-04-19 16:21:41', '2026-04-19 16:21:41'),
(83, 40, NULL, 'Tuesday', '14:00 - 16:00', 'ICT-Room-A', '2026-04-19 16:21:41', '2026-04-19 16:21:41'),
(84, 40, NULL, 'Monday', '07:00 - 09:00', 'ICT-Room-B', '2026-04-19 16:21:41', '2026-04-19 16:21:41'),
(85, 47, NULL, 'Tuesday', '16:00 - 18:00', 'ICT-Lab-2', '2026-04-19 16:21:41', '2026-04-19 16:21:41'),
(86, 47, NULL, 'Monday', '07:00 - 09:00', 'ICT-Room-A', '2026-04-19 16:21:41', '2026-04-19 16:21:41'),
(87, 54, NULL, 'Wednesday', '11:00 - 13:00', 'ICT-Room-C', '2026-04-19 16:21:41', '2026-04-19 16:21:41'),
(88, 54, NULL, 'Friday', '11:00 - 13:00', 'ICT-Room-A', '2026-04-19 16:21:41', '2026-04-19 16:21:41'),
(89, 61, NULL, 'Friday', '14:00 - 16:00', 'ICT-Room-A', '2026-04-19 16:21:41', '2026-04-19 16:21:41'),
(90, 61, NULL, 'Wednesday', '16:00 - 18:00', 'ICT-Room-B', '2026-04-19 16:21:41', '2026-04-19 16:21:41'),
(91, 6, NULL, 'Friday', '16:00 - 18:00', 'ICT-Room-A', '2026-04-19 16:21:41', '2026-04-19 16:21:41'),
(92, 6, NULL, 'Monday', '16:00 - 18:00', 'ICT-Room-A', '2026-04-19 16:21:41', '2026-04-19 16:21:41'),
(93, 13, NULL, 'Wednesday', '11:00 - 13:00', 'ICT-Lab-1', '2026-04-19 16:21:41', '2026-04-19 16:21:41'),
(94, 13, NULL, 'Thursday', '11:00 - 13:00', 'ICT-Room-C', '2026-04-19 16:21:41', '2026-04-19 16:21:41'),
(95, 20, NULL, 'Tuesday', '11:00 - 13:00', 'ICT-Lab-1', '2026-04-19 16:21:41', '2026-04-19 16:21:41'),
(96, 20, NULL, 'Wednesday', '07:00 - 09:00', 'ICT-Room-B', '2026-04-19 16:21:41', '2026-04-19 16:21:41'),
(97, 27, NULL, 'Friday', '16:00 - 18:00', 'ICT-Lab-2', '2026-04-19 16:21:41', '2026-04-19 16:21:41'),
(98, 27, NULL, 'Tuesday', '14:00 - 16:00', 'ICT-Lab-1', '2026-04-19 16:21:41', '2026-04-19 16:21:41'),
(99, 34, NULL, 'Wednesday', '09:00 - 11:00', 'ICT-Room-C', '2026-04-19 16:21:41', '2026-04-19 16:21:41'),
(100, 34, NULL, 'Thursday', '11:00 - 13:00', 'ICT-Room-C', '2026-04-19 16:21:41', '2026-04-19 16:21:41'),
(101, 41, NULL, 'Thursday', '14:00 - 16:00', 'ICT-Lab-1', '2026-04-19 16:21:41', '2026-04-19 16:21:41'),
(102, 41, NULL, 'Friday', '11:00 - 13:00', 'ICT-Room-A', '2026-04-19 16:21:41', '2026-04-19 16:21:41'),
(103, 48, NULL, 'Thursday', '09:00 - 11:00', 'ICT-Lab-1', '2026-04-19 16:21:41', '2026-04-19 16:21:41'),
(104, 48, NULL, 'Tuesday', '16:00 - 18:00', 'ICT-Room-C', '2026-04-19 16:21:41', '2026-04-19 16:21:41'),
(105, 55, NULL, 'Friday', '09:00 - 11:00', 'ICT-Room-C', '2026-04-19 16:21:41', '2026-04-19 16:21:41'),
(106, 55, NULL, 'Wednesday', '11:00 - 13:00', 'ICT-Room-B', '2026-04-19 16:21:41', '2026-04-19 16:21:41'),
(107, 62, NULL, 'Monday', '07:00 - 09:00', 'ICT-Room-B', '2026-04-19 16:21:41', '2026-04-19 16:21:41'),
(108, 62, NULL, 'Friday', '16:00 - 18:00', 'ICT-Room-A', '2026-04-19 16:21:41', '2026-04-19 16:21:41'),
(109, 7, NULL, 'Monday', '07:00 - 09:00', 'ICT-Lab-1', '2026-04-19 16:21:41', '2026-04-19 16:21:41'),
(110, 7, NULL, 'Thursday', '11:00 - 13:00', 'ICT-Lab-1', '2026-04-19 16:21:41', '2026-04-19 16:21:41'),
(111, 14, NULL, 'Wednesday', '07:00 - 09:00', 'ICT-Lab-1', '2026-04-19 16:21:41', '2026-04-19 16:21:41'),
(112, 14, NULL, 'Monday', '09:00 - 11:00', 'ICT-Lab-2', '2026-04-19 16:21:41', '2026-04-19 16:21:41'),
(113, 21, NULL, 'Monday', '11:00 - 13:00', 'ICT-Room-A', '2026-04-19 16:21:41', '2026-04-19 16:21:41'),
(114, 21, NULL, 'Tuesday', '16:00 - 18:00', 'ICT-Room-C', '2026-04-19 16:21:41', '2026-04-19 16:21:41'),
(115, 28, NULL, 'Wednesday', '09:00 - 11:00', 'ICT-Room-A', '2026-04-19 16:21:41', '2026-04-19 16:21:41'),
(116, 28, NULL, 'Monday', '14:00 - 16:00', 'ICT-Room-C', '2026-04-19 16:21:41', '2026-04-19 16:21:41'),
(117, 35, NULL, 'Wednesday', '07:00 - 09:00', 'ICT-Room-C', '2026-04-19 16:21:41', '2026-04-19 16:21:41'),
(118, 35, NULL, 'Thursday', '07:00 - 09:00', 'ICT-Lab-2', '2026-04-19 16:21:41', '2026-04-19 16:21:41'),
(119, 42, NULL, 'Tuesday', '16:00 - 18:00', 'ICT-Room-A', '2026-04-19 16:21:41', '2026-04-19 16:21:41'),
(120, 42, NULL, 'Thursday', '16:00 - 18:00', 'ICT-Room-B', '2026-04-19 16:21:41', '2026-04-19 16:21:41'),
(121, 49, NULL, 'Thursday', '14:00 - 16:00', 'ICT-Room-C', '2026-04-19 16:21:41', '2026-04-19 16:21:41'),
(122, 49, NULL, 'Monday', '07:00 - 09:00', 'ICT-Room-B', '2026-04-19 16:21:41', '2026-04-19 16:21:41'),
(123, 56, NULL, 'Wednesday', '16:00 - 18:00', 'ICT-Lab-1', '2026-04-19 16:21:41', '2026-04-19 16:21:41'),
(124, 56, NULL, 'Tuesday', '11:00 - 13:00', 'ICT-Room-C', '2026-04-19 16:21:41', '2026-04-19 16:21:41'),
(125, 63, NULL, 'Friday', '11:00 - 13:00', 'BA-Room-3', '2026-04-19 16:21:41', '2026-04-19 16:21:41'),
(126, 63, NULL, 'Monday', '16:00 - 18:00', 'BA-Room-2', '2026-04-19 16:21:41', '2026-04-19 16:21:41'),
(127, 70, NULL, 'Thursday', '11:00 - 13:00', 'BA-Room-2', '2026-04-19 16:21:41', '2026-04-19 16:21:41'),
(128, 70, NULL, 'Tuesday', '07:00 - 09:00', 'BA-Room-1', '2026-04-19 16:21:41', '2026-04-19 16:21:41'),
(129, 77, NULL, 'Friday', '11:00 - 13:00', 'BA-Hall-A', '2026-04-19 16:21:41', '2026-04-19 16:21:41'),
(130, 77, NULL, 'Wednesday', '11:00 - 13:00', 'BA-Hall-A', '2026-04-19 16:21:41', '2026-04-19 16:21:41'),
(131, 84, NULL, 'Monday', '09:00 - 11:00', 'BA-Hall-B', '2026-04-19 16:21:41', '2026-04-19 16:21:41'),
(132, 84, NULL, 'Friday', '16:00 - 18:00', 'BA-Hall-B', '2026-04-19 16:21:41', '2026-04-19 16:21:41'),
(133, 91, NULL, 'Wednesday', '14:00 - 16:00', 'BA-Hall-A', '2026-04-19 16:21:41', '2026-04-19 16:21:41'),
(134, 91, NULL, 'Tuesday', '16:00 - 18:00', 'BA-Room-3', '2026-04-19 16:21:41', '2026-04-19 16:21:41'),
(135, 64, NULL, 'Thursday', '11:00 - 13:00', 'BA-Room-3', '2026-04-19 16:21:41', '2026-04-19 16:21:41'),
(136, 64, NULL, 'Wednesday', '14:00 - 16:00', 'BA-Room-1', '2026-04-19 16:21:41', '2026-04-19 16:21:41'),
(137, 71, NULL, 'Thursday', '11:00 - 13:00', 'BA-Room-1', '2026-04-19 16:21:41', '2026-04-19 16:21:41'),
(138, 71, NULL, 'Friday', '14:00 - 16:00', 'BA-Room-2', '2026-04-19 16:21:41', '2026-04-19 16:21:41'),
(139, 78, NULL, 'Friday', '11:00 - 13:00', 'BA-Room-1', '2026-04-19 16:21:41', '2026-04-19 16:21:41'),
(140, 78, NULL, 'Thursday', '07:00 - 09:00', 'BA-Room-3', '2026-04-19 16:21:41', '2026-04-19 16:21:41'),
(141, 85, NULL, 'Thursday', '09:00 - 11:00', 'BA-Hall-B', '2026-04-19 16:21:41', '2026-04-19 16:21:41'),
(142, 85, NULL, 'Friday', '09:00 - 11:00', 'BA-Room-3', '2026-04-19 16:21:41', '2026-04-19 16:21:41'),
(143, 92, NULL, 'Thursday', '09:00 - 11:00', 'BA-Hall-A', '2026-04-19 16:21:41', '2026-04-19 16:21:41'),
(144, 92, NULL, 'Tuesday', '07:00 - 09:00', 'BA-Hall-A', '2026-04-19 16:21:41', '2026-04-19 16:21:41'),
(145, 65, NULL, 'Wednesday', '14:00 - 16:00', 'BA-Room-1', '2026-04-19 16:21:41', '2026-04-19 16:21:41'),
(146, 65, NULL, 'Tuesday', '16:00 - 18:00', 'BA-Room-3', '2026-04-19 16:21:41', '2026-04-19 16:21:41'),
(147, 72, NULL, 'Wednesday', '16:00 - 18:00', 'BA-Room-3', '2026-04-19 16:21:41', '2026-04-19 16:21:41'),
(148, 72, NULL, 'Thursday', '16:00 - 18:00', 'BA-Hall-A', '2026-04-19 16:21:41', '2026-04-19 16:21:41'),
(149, 79, NULL, 'Friday', '11:00 - 13:00', 'BA-Room-3', '2026-04-19 16:21:41', '2026-04-19 16:21:41'),
(150, 79, NULL, 'Thursday', '07:00 - 09:00', 'BA-Room-1', '2026-04-19 16:21:41', '2026-04-19 16:21:41'),
(151, 86, NULL, 'Friday', '16:00 - 18:00', 'BA-Hall-A', '2026-04-19 16:21:41', '2026-04-19 16:21:41'),
(152, 86, NULL, 'Wednesday', '09:00 - 11:00', 'BA-Hall-A', '2026-04-19 16:21:41', '2026-04-19 16:21:41'),
(153, 93, NULL, 'Monday', '07:00 - 09:00', 'BA-Room-2', '2026-04-19 16:21:41', '2026-04-19 16:21:41'),
(154, 93, NULL, 'Wednesday', '11:00 - 13:00', 'BA-Hall-B', '2026-04-19 16:21:41', '2026-04-19 16:21:41'),
(155, 66, NULL, 'Wednesday', '07:00 - 09:00', 'BA-Hall-B', '2026-04-19 16:21:41', '2026-04-19 16:21:41'),
(156, 66, NULL, 'Tuesday', '11:00 - 13:00', 'BA-Room-2', '2026-04-19 16:21:41', '2026-04-19 16:21:41'),
(157, 73, NULL, 'Tuesday', '16:00 - 18:00', 'BA-Hall-B', '2026-04-19 16:21:41', '2026-04-19 16:21:41'),
(158, 73, NULL, 'Thursday', '07:00 - 09:00', 'BA-Room-3', '2026-04-19 16:21:41', '2026-04-19 16:21:41'),
(159, 80, NULL, 'Monday', '11:00 - 13:00', 'BA-Hall-A', '2026-04-19 16:21:41', '2026-04-19 16:21:41'),
(160, 80, NULL, 'Friday', '16:00 - 18:00', 'BA-Hall-A', '2026-04-19 16:21:41', '2026-04-19 16:21:41'),
(161, 87, NULL, 'Tuesday', '11:00 - 13:00', 'BA-Room-3', '2026-04-19 16:21:41', '2026-04-19 16:21:41'),
(162, 87, NULL, 'Thursday', '14:00 - 16:00', 'BA-Hall-A', '2026-04-19 16:21:41', '2026-04-19 16:21:41'),
(163, 94, NULL, 'Tuesday', '09:00 - 11:00', 'BA-Room-2', '2026-04-19 16:21:41', '2026-04-19 16:21:41'),
(164, 94, NULL, 'Thursday', '09:00 - 11:00', 'BA-Hall-B', '2026-04-19 16:21:41', '2026-04-19 16:21:41'),
(165, 67, NULL, 'Tuesday', '16:00 - 18:00', 'BA-Room-3', '2026-04-19 16:21:41', '2026-04-19 16:21:41'),
(166, 67, NULL, 'Monday', '07:00 - 09:00', 'BA-Room-1', '2026-04-19 16:21:41', '2026-04-19 16:21:41'),
(167, 74, NULL, 'Monday', '07:00 - 09:00', 'BA-Room-1', '2026-04-19 16:21:41', '2026-04-19 16:21:41'),
(168, 74, NULL, 'Tuesday', '07:00 - 09:00', 'BA-Room-1', '2026-04-19 16:21:41', '2026-04-19 16:21:41'),
(169, 81, NULL, 'Monday', '09:00 - 11:00', 'BA-Room-2', '2026-04-19 16:21:41', '2026-04-19 16:21:41'),
(170, 81, NULL, 'Wednesday', '16:00 - 18:00', 'BA-Room-1', '2026-04-19 16:21:41', '2026-04-19 16:21:41'),
(171, 88, NULL, 'Monday', '14:00 - 16:00', 'BA-Room-1', '2026-04-19 16:21:41', '2026-04-19 16:21:41'),
(172, 88, NULL, 'Tuesday', '11:00 - 13:00', 'BA-Room-2', '2026-04-19 16:21:41', '2026-04-19 16:21:41'),
(173, 68, NULL, 'Monday', '07:00 - 09:00', 'BA-Room-2', '2026-04-19 16:21:41', '2026-04-19 16:21:41'),
(174, 68, NULL, 'Thursday', '07:00 - 09:00', 'BA-Room-1', '2026-04-19 16:21:41', '2026-04-19 16:21:41'),
(175, 75, NULL, 'Tuesday', '11:00 - 13:00', 'BA-Room-2', '2026-04-19 16:21:41', '2026-04-19 16:21:41'),
(176, 75, NULL, 'Friday', '16:00 - 18:00', 'BA-Room-3', '2026-04-19 16:21:41', '2026-04-19 16:21:41'),
(177, 82, NULL, 'Monday', '07:00 - 09:00', 'BA-Room-1', '2026-04-19 16:21:41', '2026-04-19 16:21:41'),
(178, 82, NULL, 'Thursday', '14:00 - 16:00', 'BA-Room-2', '2026-04-19 16:21:41', '2026-04-19 16:21:41'),
(179, 89, NULL, 'Friday', '11:00 - 13:00', 'BA-Room-2', '2026-04-19 16:21:41', '2026-04-19 16:21:41'),
(180, 89, NULL, 'Wednesday', '07:00 - 09:00', 'BA-Hall-A', '2026-04-19 16:21:41', '2026-04-19 16:21:41'),
(181, 69, NULL, 'Friday', '07:00 - 09:00', 'BA-Room-1', '2026-04-19 16:21:41', '2026-04-19 16:21:41'),
(182, 69, NULL, 'Thursday', '09:00 - 11:00', 'BA-Hall-A', '2026-04-19 16:21:41', '2026-04-19 16:21:41'),
(183, 76, NULL, 'Thursday', '16:00 - 18:00', 'BA-Room-2', '2026-04-19 16:21:41', '2026-04-19 16:21:41'),
(184, 76, NULL, 'Tuesday', '09:00 - 11:00', 'BA-Room-1', '2026-04-19 16:21:41', '2026-04-19 16:21:41'),
(185, 83, NULL, 'Thursday', '11:00 - 13:00', 'BA-Hall-A', '2026-04-19 16:21:41', '2026-04-19 16:21:41'),
(186, 83, NULL, 'Friday', '16:00 - 18:00', 'BA-Hall-A', '2026-04-19 16:21:41', '2026-04-19 16:21:41'),
(187, 90, NULL, 'Wednesday', '07:00 - 09:00', 'BA-Room-2', '2026-04-19 16:21:41', '2026-04-19 16:21:41'),
(188, 90, NULL, 'Monday', '07:00 - 09:00', 'BA-Hall-A', '2026-04-19 16:21:41', '2026-04-19 16:21:41'),
(189, 95, NULL, 'Wednesday', '09:00 - 11:00', 'Civil-Room-A', '2026-04-19 16:21:41', '2026-04-19 16:21:41'),
(190, 95, NULL, 'Monday', '11:00 - 13:00', 'Civil-Room-B', '2026-04-19 16:21:41', '2026-04-19 16:21:41'),
(191, 102, NULL, 'Monday', '09:00 - 11:00', 'Drawing-Room-1', '2026-04-19 16:21:41', '2026-04-19 16:21:41'),
(192, 102, NULL, 'Tuesday', '09:00 - 11:00', 'Civil-Room-A', '2026-04-19 16:21:41', '2026-04-19 16:21:41'),
(193, 109, NULL, 'Tuesday', '09:00 - 11:00', 'Civil-Lab-1', '2026-04-19 16:21:41', '2026-04-19 16:21:41'),
(194, 109, NULL, 'Monday', '07:00 - 09:00', 'Civil-Room-B', '2026-04-19 16:21:41', '2026-04-19 16:21:41'),
(195, 116, NULL, 'Monday', '09:00 - 11:00', 'Civil-Lab-1', '2026-04-19 16:21:41', '2026-04-19 16:21:41'),
(196, 116, NULL, 'Friday', '14:00 - 16:00', 'Civil-Room-B', '2026-04-19 16:21:41', '2026-04-19 16:21:41'),
(197, 123, NULL, 'Friday', '07:00 - 09:00', 'Civil-Room-B', '2026-04-19 16:21:41', '2026-04-19 16:21:41'),
(198, 123, NULL, 'Wednesday', '09:00 - 11:00', 'Drawing-Room-1', '2026-04-19 16:21:41', '2026-04-19 16:21:41'),
(199, 96, NULL, 'Friday', '09:00 - 11:00', 'Civil-Room-A', '2026-04-19 16:21:41', '2026-04-19 16:21:41'),
(200, 96, NULL, 'Thursday', '11:00 - 13:00', 'Drawing-Room-1', '2026-04-19 16:21:41', '2026-04-19 16:21:41'),
(201, 103, NULL, 'Tuesday', '14:00 - 16:00', 'Civil-Lab-1', '2026-04-19 16:21:41', '2026-04-19 16:21:41'),
(202, 103, NULL, 'Thursday', '11:00 - 13:00', 'Civil-Room-B', '2026-04-19 16:21:41', '2026-04-19 16:21:41'),
(203, 110, NULL, 'Tuesday', '07:00 - 09:00', 'Drawing-Room-2', '2026-04-19 16:21:41', '2026-04-19 16:21:41'),
(204, 110, NULL, 'Monday', '09:00 - 11:00', 'Drawing-Room-1', '2026-04-19 16:21:41', '2026-04-19 16:21:41'),
(205, 117, NULL, 'Monday', '14:00 - 16:00', 'Civil-Lab-1', '2026-04-19 16:21:41', '2026-04-19 16:21:41'),
(206, 117, NULL, 'Wednesday', '09:00 - 11:00', 'Civil-Lab-1', '2026-04-19 16:21:41', '2026-04-19 16:21:41'),
(207, 124, NULL, 'Thursday', '14:00 - 16:00', 'Civil-Lab-1', '2026-04-19 16:21:41', '2026-04-19 16:21:41'),
(208, 124, NULL, 'Friday', '11:00 - 13:00', 'Civil-Room-B', '2026-04-19 16:21:41', '2026-04-19 16:21:41'),
(209, 97, NULL, 'Thursday', '11:00 - 13:00', 'Drawing-Room-1', '2026-04-19 16:21:41', '2026-04-19 16:21:41'),
(210, 97, NULL, 'Monday', '14:00 - 16:00', 'Civil-Room-B', '2026-04-19 16:21:41', '2026-04-19 16:21:41'),
(211, 104, NULL, 'Tuesday', '11:00 - 13:00', 'Civil-Room-A', '2026-04-19 16:21:41', '2026-04-19 16:21:41'),
(212, 104, NULL, 'Wednesday', '07:00 - 09:00', 'Drawing-Room-1', '2026-04-19 16:21:41', '2026-04-19 16:21:41'),
(213, 111, NULL, 'Monday', '07:00 - 09:00', 'Drawing-Room-2', '2026-04-19 16:21:41', '2026-04-19 16:21:41'),
(214, 111, NULL, 'Thursday', '16:00 - 18:00', 'Civil-Room-A', '2026-04-19 16:21:41', '2026-04-19 16:21:41'),
(215, 118, NULL, 'Tuesday', '07:00 - 09:00', 'Drawing-Room-1', '2026-04-19 16:21:41', '2026-04-19 16:21:41'),
(216, 118, NULL, 'Monday', '16:00 - 18:00', 'Civil-Lab-1', '2026-04-19 16:21:41', '2026-04-19 16:21:41'),
(217, 125, NULL, 'Thursday', '14:00 - 16:00', 'Civil-Room-B', '2026-04-19 16:21:41', '2026-04-19 16:21:41'),
(218, 125, NULL, 'Friday', '11:00 - 13:00', 'Civil-Room-B', '2026-04-19 16:21:41', '2026-04-19 16:21:41'),
(219, 98, NULL, 'Thursday', '11:00 - 13:00', 'Drawing-Room-2', '2026-04-19 16:21:41', '2026-04-19 16:21:41'),
(220, 98, NULL, 'Monday', '07:00 - 09:00', 'Drawing-Room-2', '2026-04-19 16:21:41', '2026-04-19 16:21:41'),
(221, 105, NULL, 'Monday', '16:00 - 18:00', 'Civil-Room-A', '2026-04-19 16:21:41', '2026-04-19 16:21:41'),
(222, 105, NULL, 'Wednesday', '16:00 - 18:00', 'Drawing-Room-2', '2026-04-19 16:21:41', '2026-04-19 16:21:41'),
(223, 112, NULL, 'Wednesday', '14:00 - 16:00', 'Drawing-Room-1', '2026-04-19 16:21:41', '2026-04-19 16:21:41'),
(224, 112, NULL, 'Tuesday', '09:00 - 11:00', 'Drawing-Room-2', '2026-04-19 16:21:41', '2026-04-19 16:21:41'),
(225, 119, NULL, 'Tuesday', '07:00 - 09:00', 'Drawing-Room-1', '2026-04-19 16:21:41', '2026-04-19 16:21:41'),
(226, 119, NULL, 'Thursday', '14:00 - 16:00', 'Drawing-Room-1', '2026-04-19 16:21:41', '2026-04-19 16:21:41'),
(227, 99, NULL, 'Tuesday', '09:00 - 11:00', 'Drawing-Room-1', '2026-04-19 16:21:41', '2026-04-19 16:21:41'),
(228, 99, NULL, 'Wednesday', '07:00 - 09:00', 'Civil-Room-A', '2026-04-19 16:21:41', '2026-04-19 16:21:41'),
(229, 106, NULL, 'Monday', '14:00 - 16:00', 'Civil-Lab-1', '2026-04-19 16:21:41', '2026-04-19 16:21:41'),
(230, 106, NULL, 'Friday', '11:00 - 13:00', 'Civil-Room-A', '2026-04-19 16:21:41', '2026-04-19 16:21:41'),
(231, 113, NULL, 'Wednesday', '16:00 - 18:00', 'Civil-Room-B', '2026-04-19 16:21:41', '2026-04-19 16:21:41'),
(232, 113, NULL, 'Friday', '16:00 - 18:00', 'Civil-Lab-1', '2026-04-19 16:21:41', '2026-04-19 16:21:41'),
(233, 120, NULL, 'Monday', '09:00 - 11:00', 'Drawing-Room-1', '2026-04-19 16:21:41', '2026-04-19 16:21:41'),
(234, 120, NULL, 'Friday', '11:00 - 13:00', 'Civil-Room-A', '2026-04-19 16:21:41', '2026-04-19 16:21:41'),
(235, 100, NULL, 'Monday', '16:00 - 18:00', 'Civil-Lab-1', '2026-04-19 16:21:41', '2026-04-19 16:21:41'),
(236, 100, NULL, 'Friday', '11:00 - 13:00', 'Civil-Room-B', '2026-04-19 16:21:41', '2026-04-19 16:21:41'),
(237, 107, NULL, 'Wednesday', '16:00 - 18:00', 'Civil-Lab-1', '2026-04-19 16:21:41', '2026-04-19 16:21:41'),
(238, 107, NULL, 'Tuesday', '07:00 - 09:00', 'Civil-Room-A', '2026-04-19 16:21:41', '2026-04-19 16:21:41'),
(239, 114, NULL, 'Thursday', '11:00 - 13:00', 'Drawing-Room-1', '2026-04-19 16:21:41', '2026-04-19 16:21:41'),
(240, 114, NULL, 'Friday', '11:00 - 13:00', 'Drawing-Room-1', '2026-04-19 16:21:41', '2026-04-19 16:21:41'),
(241, 121, NULL, 'Monday', '09:00 - 11:00', 'Civil-Room-B', '2026-04-19 16:21:41', '2026-04-19 16:21:41'),
(242, 121, NULL, 'Thursday', '07:00 - 09:00', 'Civil-Room-A', '2026-04-19 16:21:41', '2026-04-19 16:21:41'),
(243, 101, NULL, 'Thursday', '14:00 - 16:00', 'Civil-Room-B', '2026-04-19 16:21:41', '2026-04-19 16:21:41'),
(244, 101, NULL, 'Tuesday', '09:00 - 11:00', 'Drawing-Room-1', '2026-04-19 16:21:41', '2026-04-19 16:21:41'),
(245, 108, NULL, 'Tuesday', '09:00 - 11:00', 'Civil-Room-B', '2026-04-19 16:21:41', '2026-04-19 16:21:41'),
(246, 108, NULL, 'Thursday', '16:00 - 18:00', 'Civil-Lab-1', '2026-04-19 16:21:41', '2026-04-19 16:21:41'),
(247, 115, NULL, 'Tuesday', '11:00 - 13:00', 'Drawing-Room-2', '2026-04-19 16:21:41', '2026-04-19 16:21:41'),
(248, 115, NULL, 'Wednesday', '09:00 - 11:00', 'Drawing-Room-1', '2026-04-19 16:21:41', '2026-04-19 16:21:41'),
(249, 122, NULL, 'Tuesday', '09:00 - 11:00', 'Civil-Room-B', '2026-04-19 16:21:41', '2026-04-19 16:21:41'),
(250, 122, NULL, 'Thursday', '07:00 - 09:00', 'Civil-Room-A', '2026-04-19 16:21:41', '2026-04-19 16:21:41'),
(251, 126, NULL, 'Monday', '14:00 - 16:00', 'EE-Lab-1', '2026-04-19 16:21:41', '2026-04-19 16:21:41'),
(252, 126, NULL, 'Tuesday', '07:00 - 09:00', 'EE-Room-A', '2026-04-19 16:21:41', '2026-04-19 16:21:41'),
(253, 133, NULL, 'Wednesday', '07:00 - 09:00', 'EE-Room-B', '2026-04-19 16:21:41', '2026-04-19 16:21:41'),
(254, 133, NULL, 'Monday', '07:00 - 09:00', 'EE-Lab-2', '2026-04-19 16:21:41', '2026-04-19 16:21:41'),
(255, 140, NULL, 'Thursday', '09:00 - 11:00', 'EE-Room-A', '2026-04-19 16:21:41', '2026-04-19 16:21:41'),
(256, 140, NULL, 'Tuesday', '16:00 - 18:00', 'EE-Lab-2', '2026-04-19 16:21:41', '2026-04-19 16:21:41'),
(257, 147, NULL, 'Tuesday', '07:00 - 09:00', 'EE-Room-A', '2026-04-19 16:21:41', '2026-04-19 16:21:41'),
(258, 147, NULL, 'Wednesday', '09:00 - 11:00', 'EE-Lab-2', '2026-04-19 16:21:41', '2026-04-19 16:21:41'),
(259, 154, NULL, 'Thursday', '14:00 - 16:00', 'EE-Room-A', '2026-04-19 16:21:41', '2026-04-19 16:21:41'),
(260, 154, NULL, 'Monday', '09:00 - 11:00', 'Power-Lab', '2026-04-19 16:21:41', '2026-04-19 16:21:41'),
(261, 127, NULL, 'Tuesday', '11:00 - 13:00', 'EE-Room-A', '2026-04-19 16:21:41', '2026-04-19 16:21:41'),
(262, 127, NULL, 'Friday', '09:00 - 11:00', 'EE-Room-A', '2026-04-19 16:21:41', '2026-04-19 16:21:41'),
(263, 134, NULL, 'Wednesday', '14:00 - 16:00', 'EE-Room-B', '2026-04-19 16:21:41', '2026-04-19 16:21:41'),
(264, 134, NULL, 'Friday', '07:00 - 09:00', 'Power-Lab', '2026-04-19 16:21:41', '2026-04-19 16:21:41'),
(265, 141, NULL, 'Wednesday', '14:00 - 16:00', 'EE-Lab-2', '2026-04-19 16:21:41', '2026-04-19 16:21:41'),
(266, 141, NULL, 'Friday', '16:00 - 18:00', 'Power-Lab', '2026-04-19 16:21:41', '2026-04-19 16:21:41'),
(267, 148, NULL, 'Tuesday', '07:00 - 09:00', 'EE-Lab-2', '2026-04-19 16:21:41', '2026-04-19 16:21:41'),
(268, 148, NULL, 'Thursday', '07:00 - 09:00', 'EE-Room-A', '2026-04-19 16:21:41', '2026-04-19 16:21:41'),
(269, 155, NULL, 'Friday', '16:00 - 18:00', 'EE-Room-B', '2026-04-19 16:21:41', '2026-04-19 16:21:41'),
(270, 155, NULL, 'Tuesday', '07:00 - 09:00', 'EE-Lab-2', '2026-04-19 16:21:41', '2026-04-19 16:21:41'),
(271, 128, NULL, 'Thursday', '09:00 - 11:00', 'Power-Lab', '2026-04-19 16:21:41', '2026-04-19 16:21:41'),
(272, 128, NULL, 'Friday', '11:00 - 13:00', 'EE-Lab-1', '2026-04-19 16:21:41', '2026-04-19 16:21:41'),
(273, 135, NULL, 'Monday', '09:00 - 11:00', 'EE-Room-A', '2026-04-19 16:21:41', '2026-04-19 16:21:41'),
(274, 135, NULL, 'Thursday', '09:00 - 11:00', 'EE-Lab-2', '2026-04-19 16:21:41', '2026-04-19 16:21:41'),
(275, 142, NULL, 'Thursday', '09:00 - 11:00', 'EE-Room-A', '2026-04-19 16:21:41', '2026-04-19 16:21:41'),
(276, 142, NULL, 'Monday', '09:00 - 11:00', 'EE-Lab-1', '2026-04-19 16:21:41', '2026-04-19 16:21:41'),
(277, 149, NULL, 'Wednesday', '14:00 - 16:00', 'EE-Lab-2', '2026-04-19 16:21:41', '2026-04-19 16:21:41'),
(278, 149, NULL, 'Friday', '14:00 - 16:00', 'EE-Room-B', '2026-04-19 16:21:41', '2026-04-19 16:21:41'),
(279, 156, NULL, 'Wednesday', '14:00 - 16:00', 'EE-Lab-1', '2026-04-19 16:21:41', '2026-04-19 16:21:41'),
(280, 156, NULL, 'Tuesday', '07:00 - 09:00', 'EE-Lab-2', '2026-04-19 16:21:41', '2026-04-19 16:21:41'),
(281, 129, NULL, 'Friday', '09:00 - 11:00', 'EE-Lab-2', '2026-04-19 16:21:41', '2026-04-19 16:21:41'),
(282, 129, NULL, 'Monday', '07:00 - 09:00', 'EE-Room-A', '2026-04-19 16:21:41', '2026-04-19 16:21:41'),
(283, 136, NULL, 'Wednesday', '09:00 - 11:00', 'EE-Room-A', '2026-04-19 16:21:41', '2026-04-19 16:21:41'),
(284, 136, NULL, 'Friday', '16:00 - 18:00', 'EE-Room-A', '2026-04-19 16:21:41', '2026-04-19 16:21:41'),
(285, 143, NULL, 'Thursday', '09:00 - 11:00', 'EE-Room-A', '2026-04-19 16:21:41', '2026-04-19 16:21:41'),
(286, 143, NULL, 'Wednesday', '14:00 - 16:00', 'EE-Room-A', '2026-04-19 16:21:41', '2026-04-19 16:21:41'),
(287, 150, NULL, 'Thursday', '11:00 - 13:00', 'EE-Lab-1', '2026-04-19 16:21:41', '2026-04-19 16:21:41'),
(288, 150, NULL, 'Tuesday', '14:00 - 16:00', 'EE-Room-A', '2026-04-19 16:21:41', '2026-04-19 16:21:41'),
(289, 130, NULL, 'Tuesday', '09:00 - 11:00', 'EE-Lab-1', '2026-04-19 16:21:41', '2026-04-19 16:21:41'),
(290, 130, NULL, 'Friday', '09:00 - 11:00', 'EE-Lab-1', '2026-04-19 16:21:41', '2026-04-19 16:21:41'),
(291, 137, NULL, 'Wednesday', '14:00 - 16:00', 'Power-Lab', '2026-04-19 16:21:41', '2026-04-19 16:21:41'),
(292, 137, NULL, 'Monday', '14:00 - 16:00', 'EE-Lab-2', '2026-04-19 16:21:41', '2026-04-19 16:21:41'),
(293, 144, NULL, 'Wednesday', '14:00 - 16:00', 'EE-Room-B', '2026-04-19 16:21:41', '2026-04-19 16:21:41'),
(294, 144, NULL, 'Friday', '14:00 - 16:00', 'EE-Lab-1', '2026-04-19 16:21:41', '2026-04-19 16:21:41'),
(295, 151, NULL, 'Friday', '11:00 - 13:00', 'EE-Lab-1', '2026-04-19 16:21:41', '2026-04-19 16:21:41'),
(296, 151, NULL, 'Thursday', '11:00 - 13:00', 'EE-Room-A', '2026-04-19 16:21:41', '2026-04-19 16:21:41'),
(297, 131, NULL, 'Thursday', '14:00 - 16:00', 'EE-Lab-2', '2026-04-19 16:21:41', '2026-04-19 16:21:41'),
(298, 131, NULL, 'Friday', '11:00 - 13:00', 'EE-Lab-2', '2026-04-19 16:21:41', '2026-04-19 16:21:41'),
(299, 138, NULL, 'Thursday', '11:00 - 13:00', 'Power-Lab', '2026-04-19 16:21:41', '2026-04-19 16:21:41'),
(300, 138, NULL, 'Tuesday', '11:00 - 13:00', 'Power-Lab', '2026-04-19 16:21:41', '2026-04-19 16:21:41'),
(301, 145, NULL, 'Wednesday', '09:00 - 11:00', 'Power-Lab', '2026-04-19 16:21:41', '2026-04-19 16:21:41'),
(302, 145, NULL, 'Tuesday', '07:00 - 09:00', 'Power-Lab', '2026-04-19 16:21:41', '2026-04-19 16:21:41'),
(303, 152, NULL, 'Tuesday', '14:00 - 16:00', 'Power-Lab', '2026-04-19 16:21:41', '2026-04-19 16:21:41'),
(304, 152, NULL, 'Monday', '16:00 - 18:00', 'Power-Lab', '2026-04-19 16:21:41', '2026-04-19 16:21:41'),
(305, 132, NULL, 'Friday', '11:00 - 13:00', 'EE-Lab-2', '2026-04-19 16:21:41', '2026-04-19 16:21:41'),
(306, 132, NULL, 'Thursday', '07:00 - 09:00', 'EE-Room-B', '2026-04-19 16:21:41', '2026-04-19 16:21:41'),
(307, 139, NULL, 'Monday', '16:00 - 18:00', 'EE-Lab-2', '2026-04-19 16:21:41', '2026-04-19 16:21:41'),
(308, 139, NULL, 'Thursday', '09:00 - 11:00', 'EE-Room-A', '2026-04-19 16:21:41', '2026-04-19 16:21:41'),
(309, 146, NULL, 'Thursday', '16:00 - 18:00', 'EE-Room-B', '2026-04-19 16:21:41', '2026-04-19 16:21:41'),
(310, 146, NULL, 'Monday', '07:00 - 09:00', 'EE-Lab-2', '2026-04-19 16:21:41', '2026-04-19 16:21:41'),
(311, 153, NULL, 'Thursday', '07:00 - 09:00', 'Power-Lab', '2026-04-19 16:21:41', '2026-04-19 16:21:41'),
(312, 153, NULL, 'Tuesday', '11:00 - 13:00', 'EE-Room-A', '2026-04-19 16:21:41', '2026-04-19 16:21:41'),
(313, 157, NULL, 'Thursday', '16:00 - 18:00', 'Workshop-1', '2026-04-19 16:21:41', '2026-04-19 16:21:41'),
(314, 157, NULL, 'Tuesday', '09:00 - 11:00', 'Workshop-2', '2026-04-19 16:21:41', '2026-04-19 16:21:41'),
(315, 164, NULL, 'Monday', '09:00 - 11:00', 'Mech-Lab-1', '2026-04-19 16:21:41', '2026-04-19 16:21:41'),
(316, 164, NULL, 'Wednesday', '16:00 - 18:00', 'ME-Room-A', '2026-04-19 16:21:41', '2026-04-19 16:21:41'),
(317, 171, NULL, 'Friday', '11:00 - 13:00', 'Workshop-1', '2026-04-19 16:21:41', '2026-04-19 16:21:41'),
(318, 171, NULL, 'Tuesday', '11:00 - 13:00', 'Mech-Lab-2', '2026-04-19 16:21:41', '2026-04-19 16:21:41'),
(319, 178, NULL, 'Friday', '16:00 - 18:00', 'Workshop-2', '2026-04-19 16:21:41', '2026-04-19 16:21:41'),
(320, 178, NULL, 'Monday', '11:00 - 13:00', 'Mech-Lab-2', '2026-04-19 16:21:41', '2026-04-19 16:21:41'),
(321, 185, NULL, 'Tuesday', '16:00 - 18:00', 'ME-Room-A', '2026-04-19 16:21:41', '2026-04-19 16:21:41'),
(322, 185, NULL, 'Monday', '07:00 - 09:00', 'Workshop-1', '2026-04-19 16:21:41', '2026-04-19 16:21:41'),
(323, 158, NULL, 'Friday', '11:00 - 13:00', 'ME-Room-A', '2026-04-19 16:21:41', '2026-04-19 16:21:41'),
(324, 158, NULL, 'Monday', '07:00 - 09:00', 'Workshop-1', '2026-04-19 16:21:41', '2026-04-19 16:21:41'),
(325, 165, NULL, 'Tuesday', '07:00 - 09:00', 'Workshop-2', '2026-04-19 16:21:41', '2026-04-19 16:21:41'),
(326, 165, NULL, 'Thursday', '07:00 - 09:00', 'Workshop-1', '2026-04-19 16:21:41', '2026-04-19 16:21:41'),
(327, 172, NULL, 'Monday', '07:00 - 09:00', 'Mech-Lab-1', '2026-04-19 16:21:41', '2026-04-19 16:21:41'),
(328, 172, NULL, 'Friday', '07:00 - 09:00', 'Mech-Lab-1', '2026-04-19 16:21:41', '2026-04-19 16:21:41'),
(329, 179, NULL, 'Tuesday', '07:00 - 09:00', 'ME-Room-A', '2026-04-19 16:21:41', '2026-04-19 16:21:41'),
(330, 179, NULL, 'Friday', '11:00 - 13:00', 'Workshop-1', '2026-04-19 16:21:41', '2026-04-19 16:21:41'),
(331, 159, NULL, 'Wednesday', '07:00 - 09:00', 'Mech-Lab-1', '2026-04-19 16:21:41', '2026-04-19 16:21:41'),
(332, 159, NULL, 'Tuesday', '07:00 - 09:00', 'Mech-Lab-1', '2026-04-19 16:21:41', '2026-04-19 16:21:41'),
(333, 166, NULL, 'Thursday', '09:00 - 11:00', 'Workshop-2', '2026-04-19 16:21:41', '2026-04-19 16:21:41'),
(334, 166, NULL, 'Monday', '16:00 - 18:00', 'ME-Room-A', '2026-04-19 16:21:41', '2026-04-19 16:21:41'),
(335, 173, NULL, 'Thursday', '09:00 - 11:00', 'ME-Room-A', '2026-04-19 16:21:41', '2026-04-19 16:21:41'),
(336, 173, NULL, 'Friday', '09:00 - 11:00', 'Mech-Lab-1', '2026-04-19 16:21:41', '2026-04-19 16:21:41'),
(337, 180, NULL, 'Friday', '07:00 - 09:00', 'Mech-Lab-2', '2026-04-19 16:21:41', '2026-04-19 16:21:41'),
(338, 180, NULL, 'Monday', '14:00 - 16:00', 'Workshop-1', '2026-04-19 16:21:41', '2026-04-19 16:21:41'),
(339, 160, NULL, 'Wednesday', '07:00 - 09:00', 'ME-Room-A', '2026-04-19 16:21:41', '2026-04-19 16:21:41'),
(340, 160, NULL, 'Tuesday', '11:00 - 13:00', 'ME-Room-A', '2026-04-19 16:21:41', '2026-04-19 16:21:41'),
(341, 167, NULL, 'Wednesday', '09:00 - 11:00', 'Mech-Lab-1', '2026-04-19 16:21:41', '2026-04-19 16:21:41'),
(342, 167, NULL, 'Tuesday', '16:00 - 18:00', 'Workshop-2', '2026-04-19 16:21:41', '2026-04-19 16:21:41'),
(343, 174, NULL, 'Monday', '16:00 - 18:00', 'Mech-Lab-2', '2026-04-19 16:21:41', '2026-04-19 16:21:41'),
(344, 174, NULL, 'Thursday', '07:00 - 09:00', 'Mech-Lab-1', '2026-04-19 16:21:41', '2026-04-19 16:21:41'),
(345, 181, NULL, 'Monday', '14:00 - 16:00', 'Mech-Lab-1', '2026-04-19 16:21:41', '2026-04-19 16:21:41'),
(346, 181, NULL, 'Friday', '11:00 - 13:00', 'Workshop-2', '2026-04-19 16:21:41', '2026-04-19 16:21:41'),
(347, 161, NULL, 'Tuesday', '11:00 - 13:00', 'ME-Room-A', '2026-04-19 16:21:41', '2026-04-19 16:21:41'),
(348, 161, NULL, 'Thursday', '16:00 - 18:00', 'Workshop-1', '2026-04-19 16:21:41', '2026-04-19 16:21:41'),
(349, 168, NULL, 'Wednesday', '16:00 - 18:00', 'Mech-Lab-1', '2026-04-19 16:21:41', '2026-04-19 16:21:41'),
(350, 168, NULL, 'Friday', '14:00 - 16:00', 'Workshop-2', '2026-04-19 16:21:41', '2026-04-19 16:21:41'),
(351, 175, NULL, 'Friday', '07:00 - 09:00', 'Mech-Lab-1', '2026-04-19 16:21:41', '2026-04-19 16:21:41'),
(352, 175, NULL, 'Monday', '11:00 - 13:00', 'Mech-Lab-1', '2026-04-19 16:21:41', '2026-04-19 16:21:41'),
(353, 182, NULL, 'Wednesday', '16:00 - 18:00', 'Workshop-1', '2026-04-19 16:21:41', '2026-04-19 16:21:41'),
(354, 182, NULL, 'Friday', '07:00 - 09:00', 'Workshop-2', '2026-04-19 16:21:41', '2026-04-19 16:21:41'),
(355, 162, NULL, 'Tuesday', '11:00 - 13:00', 'Workshop-2', '2026-04-19 16:21:41', '2026-04-19 16:21:41'),
(356, 162, NULL, 'Thursday', '07:00 - 09:00', 'Workshop-2', '2026-04-19 16:21:41', '2026-04-19 16:21:41'),
(357, 169, NULL, 'Thursday', '14:00 - 16:00', 'Mech-Lab-2', '2026-04-19 16:21:41', '2026-04-19 16:21:41'),
(358, 169, NULL, 'Friday', '09:00 - 11:00', 'Mech-Lab-2', '2026-04-19 16:21:41', '2026-04-19 16:21:41'),
(359, 176, NULL, 'Wednesday', '07:00 - 09:00', 'Mech-Lab-2', '2026-04-19 16:21:41', '2026-04-19 16:21:41'),
(360, 176, NULL, 'Friday', '11:00 - 13:00', 'Workshop-2', '2026-04-19 16:21:41', '2026-04-19 16:21:41'),
(361, 183, NULL, 'Wednesday', '09:00 - 11:00', 'Mech-Lab-1', '2026-04-19 16:21:41', '2026-04-19 16:21:41'),
(362, 183, NULL, 'Monday', '09:00 - 11:00', 'Mech-Lab-1', '2026-04-19 16:21:41', '2026-04-19 16:21:41'),
(363, 163, NULL, 'Monday', '14:00 - 16:00', 'Workshop-2', '2026-04-19 16:21:41', '2026-04-19 16:21:41'),
(364, 163, NULL, 'Tuesday', '14:00 - 16:00', 'Workshop-2', '2026-04-19 16:21:41', '2026-04-19 16:21:41'),
(365, 170, NULL, 'Tuesday', '16:00 - 18:00', 'ME-Room-A', '2026-04-19 16:21:41', '2026-04-19 16:21:41'),
(366, 170, NULL, 'Monday', '07:00 - 09:00', 'Workshop-1', '2026-04-19 16:21:41', '2026-04-19 16:21:41'),
(367, 177, NULL, 'Thursday', '16:00 - 18:00', 'Workshop-2', '2026-04-19 16:21:41', '2026-04-19 16:21:41'),
(368, 177, NULL, 'Wednesday', '09:00 - 11:00', 'Workshop-1', '2026-04-19 16:21:41', '2026-04-19 16:21:41'),
(369, 184, NULL, 'Monday', '07:00 - 09:00', 'Workshop-2', '2026-04-19 16:21:41', '2026-04-19 16:21:41'),
(370, 184, NULL, 'Friday', '14:00 - 16:00', 'Mech-Lab-2', '2026-04-19 16:21:41', '2026-04-19 16:21:41'),
(371, 186, NULL, 'Tuesday', '14:00 - 16:00', 'AE-Room-A', '2026-04-19 16:21:41', '2026-04-19 16:21:41'),
(372, 186, NULL, 'Thursday', '07:00 - 09:00', 'Auto-Lab-1', '2026-04-19 16:21:41', '2026-04-19 16:21:41'),
(373, 193, NULL, 'Wednesday', '11:00 - 13:00', 'AE-Room-B', '2026-04-19 16:21:41', '2026-04-19 16:21:41'),
(374, 193, NULL, 'Friday', '11:00 - 13:00', 'AE-Room-A', '2026-04-19 16:21:41', '2026-04-19 16:21:41'),
(375, 200, NULL, 'Tuesday', '16:00 - 18:00', 'AE-Room-B', '2026-04-19 16:21:41', '2026-04-19 16:21:41'),
(376, 200, NULL, 'Monday', '09:00 - 11:00', 'Auto-Workshop', '2026-04-19 16:21:41', '2026-04-19 16:21:41'),
(377, 207, NULL, 'Monday', '16:00 - 18:00', 'AE-Room-B', '2026-04-19 16:21:41', '2026-04-19 16:21:41'),
(378, 207, NULL, 'Wednesday', '07:00 - 09:00', 'AE-Room-A', '2026-04-19 16:21:41', '2026-04-19 16:21:41'),
(379, 214, NULL, 'Wednesday', '14:00 - 16:00', 'AE-Room-A', '2026-04-19 16:21:41', '2026-04-19 16:21:41'),
(380, 214, NULL, 'Thursday', '14:00 - 16:00', 'Auto-Lab-1', '2026-04-19 16:21:41', '2026-04-19 16:21:41'),
(381, 187, NULL, 'Tuesday', '14:00 - 16:00', 'Auto-Workshop', '2026-04-19 16:21:41', '2026-04-19 16:21:41'),
(382, 187, NULL, 'Friday', '09:00 - 11:00', 'Auto-Lab-2', '2026-04-19 16:21:41', '2026-04-19 16:21:41'),
(383, 194, NULL, 'Thursday', '07:00 - 09:00', 'AE-Room-B', '2026-04-19 16:21:41', '2026-04-19 16:21:41'),
(384, 194, NULL, 'Tuesday', '11:00 - 13:00', 'AE-Room-B', '2026-04-19 16:21:41', '2026-04-19 16:21:41'),
(385, 201, NULL, 'Friday', '09:00 - 11:00', 'Auto-Workshop', '2026-04-19 16:21:41', '2026-04-19 16:21:41'),
(386, 201, NULL, 'Tuesday', '16:00 - 18:00', 'AE-Room-B', '2026-04-19 16:21:41', '2026-04-19 16:21:41'),
(387, 208, NULL, 'Thursday', '07:00 - 09:00', 'Auto-Lab-1', '2026-04-19 16:21:41', '2026-04-19 16:21:41'),
(388, 208, NULL, 'Friday', '16:00 - 18:00', 'AE-Room-B', '2026-04-19 16:21:41', '2026-04-19 16:21:41'),
(389, 188, NULL, 'Thursday', '16:00 - 18:00', 'Auto-Workshop', '2026-04-19 16:21:41', '2026-04-19 16:21:41'),
(390, 188, NULL, 'Monday', '16:00 - 18:00', 'Auto-Workshop', '2026-04-19 16:21:41', '2026-04-19 16:21:41'),
(391, 195, NULL, 'Thursday', '11:00 - 13:00', 'AE-Room-B', '2026-04-19 16:21:41', '2026-04-19 16:21:41'),
(392, 195, NULL, 'Wednesday', '14:00 - 16:00', 'AE-Room-A', '2026-04-19 16:21:41', '2026-04-19 16:21:41'),
(393, 202, NULL, 'Tuesday', '09:00 - 11:00', 'Auto-Lab-1', '2026-04-19 16:21:41', '2026-04-19 16:21:41'),
(394, 202, NULL, 'Thursday', '07:00 - 09:00', 'AE-Room-B', '2026-04-19 16:21:41', '2026-04-19 16:21:41'),
(395, 209, NULL, 'Thursday', '14:00 - 16:00', 'Auto-Workshop', '2026-04-19 16:21:41', '2026-04-19 16:21:41'),
(396, 209, NULL, 'Wednesday', '14:00 - 16:00', 'Auto-Workshop', '2026-04-19 16:21:41', '2026-04-19 16:21:41'),
(397, 189, NULL, 'Friday', '09:00 - 11:00', 'AE-Room-B', '2026-04-19 16:21:41', '2026-04-19 16:21:41'),
(398, 189, NULL, 'Monday', '14:00 - 16:00', 'AE-Room-A', '2026-04-19 16:21:41', '2026-04-19 16:21:41'),
(399, 196, NULL, 'Tuesday', '07:00 - 09:00', 'AE-Room-A', '2026-04-19 16:21:41', '2026-04-19 16:21:41'),
(400, 196, NULL, 'Thursday', '09:00 - 11:00', 'Auto-Lab-1', '2026-04-19 16:21:41', '2026-04-19 16:21:41'),
(401, 203, NULL, 'Monday', '14:00 - 16:00', 'AE-Room-A', '2026-04-19 16:21:41', '2026-04-19 16:21:41'),
(402, 203, NULL, 'Tuesday', '14:00 - 16:00', 'AE-Room-B', '2026-04-19 16:21:41', '2026-04-19 16:21:41'),
(403, 210, NULL, 'Wednesday', '09:00 - 11:00', 'AE-Room-B', '2026-04-19 16:21:41', '2026-04-19 16:21:41'),
(404, 210, NULL, 'Thursday', '09:00 - 11:00', 'Auto-Lab-1', '2026-04-19 16:21:41', '2026-04-19 16:21:41'),
(405, 190, NULL, 'Monday', '14:00 - 16:00', 'Auto-Lab-1', '2026-04-19 16:21:41', '2026-04-19 16:21:41'),
(406, 190, NULL, 'Wednesday', '09:00 - 11:00', 'Auto-Workshop', '2026-04-19 16:21:41', '2026-04-19 16:21:41'),
(407, 197, NULL, 'Monday', '14:00 - 16:00', 'AE-Room-A', '2026-04-19 16:21:41', '2026-04-19 16:21:41'),
(408, 197, NULL, 'Thursday', '07:00 - 09:00', 'Auto-Workshop', '2026-04-19 16:21:41', '2026-04-19 16:21:41'),
(409, 204, NULL, 'Monday', '07:00 - 09:00', 'AE-Room-B', '2026-04-19 16:21:41', '2026-04-19 16:21:41'),
(410, 204, NULL, 'Thursday', '11:00 - 13:00', 'Auto-Lab-1', '2026-04-19 16:21:41', '2026-04-19 16:21:41'),
(411, 211, NULL, 'Thursday', '14:00 - 16:00', 'Auto-Workshop', '2026-04-19 16:21:41', '2026-04-19 16:21:41'),
(412, 211, NULL, 'Tuesday', '09:00 - 11:00', 'Auto-Lab-1', '2026-04-19 16:21:41', '2026-04-19 16:21:41'),
(413, 191, NULL, 'Tuesday', '16:00 - 18:00', 'Auto-Lab-2', '2026-04-19 16:21:41', '2026-04-19 16:21:41'),
(414, 191, NULL, 'Thursday', '16:00 - 18:00', 'Auto-Lab-1', '2026-04-19 16:21:41', '2026-04-19 16:21:41'),
(415, 198, NULL, 'Friday', '16:00 - 18:00', 'AE-Room-B', '2026-04-19 16:21:41', '2026-04-19 16:21:41'),
(416, 198, NULL, 'Tuesday', '09:00 - 11:00', 'AE-Room-B', '2026-04-19 16:21:41', '2026-04-19 16:21:41'),
(417, 205, NULL, 'Monday', '07:00 - 09:00', 'Auto-Lab-2', '2026-04-19 16:21:41', '2026-04-19 16:21:41'),
(418, 205, NULL, 'Friday', '16:00 - 18:00', 'Auto-Lab-1', '2026-04-19 16:21:41', '2026-04-19 16:21:41'),
(419, 212, NULL, 'Tuesday', '14:00 - 16:00', 'AE-Room-A', '2026-04-19 16:21:41', '2026-04-19 16:21:41'),
(420, 212, NULL, 'Monday', '11:00 - 13:00', 'Auto-Lab-1', '2026-04-19 16:21:41', '2026-04-19 16:21:41'),
(421, 192, NULL, 'Wednesday', '11:00 - 13:00', 'Auto-Lab-2', '2026-04-19 16:21:41', '2026-04-19 16:21:41'),
(422, 192, NULL, 'Thursday', '07:00 - 09:00', 'AE-Room-A', '2026-04-19 16:21:41', '2026-04-19 16:21:41'),
(423, 199, NULL, 'Monday', '09:00 - 11:00', 'Auto-Workshop', '2026-04-19 16:21:41', '2026-04-19 16:21:41'),
(424, 199, NULL, 'Friday', '16:00 - 18:00', 'AE-Room-A', '2026-04-19 16:21:41', '2026-04-19 16:21:41'),
(425, 206, NULL, 'Monday', '09:00 - 11:00', 'AE-Room-A', '2026-04-19 16:21:41', '2026-04-19 16:21:41'),
(426, 206, NULL, 'Tuesday', '16:00 - 18:00', 'AE-Room-B', '2026-04-19 16:21:41', '2026-04-19 16:21:41'),
(427, 213, NULL, 'Tuesday', '09:00 - 11:00', 'Auto-Lab-1', '2026-04-19 16:21:41', '2026-04-19 16:21:41'),
(428, 213, NULL, 'Wednesday', '09:00 - 11:00', 'AE-Room-B', '2026-04-19 16:21:41', '2026-04-19 16:21:41');

-- --------------------------------------------------------

--
-- Table structure for table `departments`
--

CREATE TABLE `departments` (
  `id` bigint(20) UNSIGNED NOT NULL,
  `department_name` varchar(255) NOT NULL,
  `created_at` timestamp NULL DEFAULT NULL,
  `updated_at` timestamp NULL DEFAULT NULL
) ENGINE=InnoDB DEFAULT CHARSET=utf8mb4 COLLATE=utf8mb4_unicode_ci;

--
-- Dumping data for table `departments`
--

INSERT INTO `departments` (`id`, `department_name`, `created_at`, `updated_at`) VALUES
(1, 'Information Communication Technology', '2026-04-19 16:20:09', '2026-04-19 16:20:09'),
(2, 'Business Administration', '2026-04-19 16:20:09', '2026-04-19 16:20:09'),
(3, 'Civil Engineering', '2026-04-19 16:20:09', '2026-04-19 16:20:09'),
(4, 'Electrical Engineering', '2026-04-19 16:20:09', '2026-04-19 16:20:09'),
(5, 'Mechanical Engineering', '2026-04-19 16:20:09', '2026-04-19 16:20:09'),
(6, 'Automotive Engineering', '2026-04-19 16:20:09', '2026-04-19 16:20:09');

-- --------------------------------------------------------

--
-- Table structure for table `devices`
--

CREATE TABLE `devices` (
  `id` bigint(20) UNSIGNED NOT NULL,
  `device_name` varchar(255) NOT NULL,
  `device_dep` varchar(255) NOT NULL,
  `device_uid` varchar(255) NOT NULL,
  `device_date` date NOT NULL,
  `device_mode` tinyint(1) NOT NULL DEFAULT 1,
  `created_at` timestamp NULL DEFAULT NULL,
  `updated_at` timestamp NULL DEFAULT NULL
) ENGINE=InnoDB DEFAULT CHARSET=utf8mb4 COLLATE=utf8mb4_unicode_ci;

--
-- Dumping data for table `devices`
--

INSERT INTO `devices` (`id`, `device_name`, `device_dep`, `device_uid`, `device_date`, `device_mode`, `created_at`, `updated_at`) VALUES
(1, 'ESP32', 'ICT', 'a8d832ed', '2026-04-19', 1, '2026-04-19 16:32:34', '2026-04-19 16:32:34');

-- --------------------------------------------------------

--
-- Table structure for table `failed_jobs`
--

CREATE TABLE `failed_jobs` (
  `id` bigint(20) UNSIGNED NOT NULL,
  `uuid` varchar(255) NOT NULL,
  `connection` text NOT NULL,
  `queue` text NOT NULL,
  `payload` longtext NOT NULL,
  `exception` longtext NOT NULL,
  `failed_at` timestamp NOT NULL DEFAULT current_timestamp()
) ENGINE=InnoDB DEFAULT CHARSET=utf8mb4 COLLATE=utf8mb4_unicode_ci;

-- --------------------------------------------------------

--
-- Table structure for table `hods`
--

CREATE TABLE `hods` (
  `id` bigint(20) UNSIGNED NOT NULL,
  `user_id` bigint(20) UNSIGNED NOT NULL,
  `hod_name` varchar(255) NOT NULL,
  `department_id` bigint(20) UNSIGNED NOT NULL,
  `created_at` timestamp NULL DEFAULT NULL,
  `updated_at` timestamp NULL DEFAULT NULL
) ENGINE=InnoDB DEFAULT CHARSET=utf8mb4 COLLATE=utf8mb4_unicode_ci;

--
-- Dumping data for table `hods`
--

INSERT INTO `hods` (`id`, `user_id`, `hod_name`, `department_id`, `created_at`, `updated_at`) VALUES
(1, 6, 'Dr. Amina Juma', 1, '2026-04-19 16:21:40', '2026-04-19 16:21:40'),
(2, 44, 'Dr. Rose Mwenda', 2, '2026-04-19 16:21:40', '2026-04-19 16:21:40'),
(3, 82, 'Eng. Samuel Mwita', 3, '2026-04-19 16:21:40', '2026-04-19 16:21:40'),
(4, 120, 'Eng. Musa Baraka', 4, '2026-04-19 16:21:40', '2026-04-19 16:21:40'),
(5, 158, 'Eng. Daniel Msigwa', 5, '2026-04-19 16:21:40', '2026-04-19 16:21:40'),
(6, 196, 'Eng. Joseph Macha', 6, '2026-04-19 16:21:40', '2026-04-19 16:21:40');

-- --------------------------------------------------------

--
-- Table structure for table `jobs`
--

CREATE TABLE `jobs` (
  `id` bigint(20) UNSIGNED NOT NULL,
  `queue` varchar(255) NOT NULL,
  `payload` longtext NOT NULL,
  `attempts` tinyint(3) UNSIGNED NOT NULL,
  `reserved_at` int(10) UNSIGNED DEFAULT NULL,
  `available_at` int(10) UNSIGNED NOT NULL,
  `created_at` int(10) UNSIGNED NOT NULL
) ENGINE=InnoDB DEFAULT CHARSET=utf8mb4 COLLATE=utf8mb4_unicode_ci;

-- --------------------------------------------------------

--
-- Table structure for table `job_batches`
--

CREATE TABLE `job_batches` (
  `id` varchar(255) NOT NULL,
  `name` varchar(255) NOT NULL,
  `total_jobs` int(11) NOT NULL,
  `pending_jobs` int(11) NOT NULL,
  `failed_jobs` int(11) NOT NULL,
  `failed_job_ids` longtext NOT NULL,
  `options` mediumtext DEFAULT NULL,
  `cancelled_at` int(11) DEFAULT NULL,
  `created_at` int(11) NOT NULL,
  `finished_at` int(11) DEFAULT NULL
) ENGINE=InnoDB DEFAULT CHARSET=utf8mb4 COLLATE=utf8mb4_unicode_ci;

-- --------------------------------------------------------

--
-- Table structure for table `lecturers`
--

CREATE TABLE `lecturers` (
  `id` bigint(20) UNSIGNED NOT NULL,
  `user_id` bigint(20) UNSIGNED NOT NULL,
  `lecturer_name` varchar(255) NOT NULL,
  `department_id` bigint(20) UNSIGNED NOT NULL,
  `created_at` timestamp NULL DEFAULT NULL,
  `updated_at` timestamp NULL DEFAULT NULL
) ENGINE=InnoDB DEFAULT CHARSET=utf8mb4 COLLATE=utf8mb4_unicode_ci;

--
-- Dumping data for table `lecturers`
--

INSERT INTO `lecturers` (`id`, `user_id`, `lecturer_name`, `department_id`, `created_at`, `updated_at`) VALUES
(1, 7, 'Mr. Hassan Omari', 1, '2026-04-19 16:21:40', '2026-04-19 16:21:40'),
(2, 8, 'Ms. Grace Wambua', 1, '2026-04-19 16:21:40', '2026-04-19 16:21:40'),
(3, 9, 'Mr. Peter Makundi', 1, '2026-04-19 16:21:40', '2026-04-19 16:21:40'),
(4, 10, 'Ms. Salma Rashid', 1, '2026-04-19 16:21:40', '2026-04-19 16:21:40'),
(5, 11, 'Mr. John Kimani', 1, '2026-04-19 16:21:40', '2026-04-19 16:21:40'),
(6, 12, 'Ms. Fatuma Ally', 1, '2026-04-19 16:21:40', '2026-04-19 16:21:40'),
(7, 13, 'Mr. David Mwangi', 1, '2026-04-19 16:21:40', '2026-04-19 16:21:40'),
(8, 45, 'Mr. Ali Hassan', 2, '2026-04-19 16:21:40', '2026-04-19 16:21:40'),
(9, 46, 'Ms. Neema Mtui', 2, '2026-04-19 16:21:40', '2026-04-19 16:21:40'),
(10, 47, 'Mr. James Okonkwo', 2, '2026-04-19 16:21:40', '2026-04-19 16:21:40'),
(11, 48, 'Ms. Mary Ndungu', 2, '2026-04-19 16:21:40', '2026-04-19 16:21:40'),
(12, 49, 'Mr. Bakari Salim', 2, '2026-04-19 16:21:40', '2026-04-19 16:21:40'),
(13, 50, 'Ms. Joyce Achieng', 2, '2026-04-19 16:21:40', '2026-04-19 16:21:40'),
(14, 51, 'Mr. Richard Kimaro', 2, '2026-04-19 16:21:40', '2026-04-19 16:21:40'),
(15, 83, 'Mr. Jabir Mwema', 3, '2026-04-19 16:21:40', '2026-04-19 16:21:40'),
(16, 84, 'Ms. Sophia Mchome', 3, '2026-04-19 16:21:40', '2026-04-19 16:21:40'),
(17, 85, 'Mr. Patrick Nyerere', 3, '2026-04-19 16:21:40', '2026-04-19 16:21:40'),
(18, 86, 'Ms. Agnes Mmari', 3, '2026-04-19 16:21:40', '2026-04-19 16:21:40'),
(19, 87, 'Mr. Charles Mushi', 3, '2026-04-19 16:21:40', '2026-04-19 16:21:40'),
(20, 88, 'Ms. Dorcas Temba', 3, '2026-04-19 16:21:40', '2026-04-19 16:21:40'),
(21, 89, 'Mr. Francis Ngowi', 3, '2026-04-19 16:21:40', '2026-04-19 16:21:40'),
(22, 121, 'Mr. Gabriel Lema', 4, '2026-04-19 16:21:40', '2026-04-19 16:21:40'),
(23, 122, 'Ms. Mariam Mtanga', 4, '2026-04-19 16:21:40', '2026-04-19 16:21:40'),
(24, 123, 'Mr. Vincent Komba', 4, '2026-04-19 16:21:40', '2026-04-19 16:21:40'),
(25, 124, 'Ms. Elizabeth Lukas', 4, '2026-04-19 16:21:40', '2026-04-19 16:21:40'),
(26, 125, 'Mr. Anthony Njau', 4, '2026-04-19 16:21:40', '2026-04-19 16:21:40'),
(27, 126, 'Ms. Zainab Hamisi', 4, '2026-04-19 16:21:40', '2026-04-19 16:21:40'),
(28, 127, 'Mr. Thomas Mlay', 4, '2026-04-19 16:21:40', '2026-04-19 16:21:40'),
(29, 159, 'Mr. Simon Mwakitwange', 5, '2026-04-19 16:21:40', '2026-04-19 16:21:40'),
(30, 160, 'Ms. Juliana Mwanga', 5, '2026-04-19 16:21:40', '2026-04-19 16:21:40'),
(31, 161, 'Mr. Robert Kishimba', 5, '2026-04-19 16:21:40', '2026-04-19 16:21:40'),
(32, 162, 'Ms. Catherine Mushi', 5, '2026-04-19 16:21:40', '2026-04-19 16:21:40'),
(33, 163, 'Mr. Andrew Mganga', 5, '2026-04-19 16:21:40', '2026-04-19 16:21:40'),
(34, 164, 'Ms. Irene Mwita', 5, '2026-04-19 16:21:40', '2026-04-19 16:21:40'),
(35, 165, 'Mr. Oscar Nchimbi', 5, '2026-04-19 16:21:40', '2026-04-19 16:21:40'),
(36, 197, 'Mr. Emmanuel Mwanga', 6, '2026-04-19 16:21:40', '2026-04-19 16:21:40'),
(37, 198, 'Ms. Veronica Mhagama', 6, '2026-04-19 16:21:40', '2026-04-19 16:21:40'),
(38, 199, 'Mr. Leonard Mkude', 6, '2026-04-19 16:21:40', '2026-04-19 16:21:40'),
(39, 200, 'Ms. Ruth Mwakalobo', 6, '2026-04-19 16:21:40', '2026-04-19 16:21:40'),
(40, 201, 'Mr. Stephen Ndonde', 6, '2026-04-19 16:21:40', '2026-04-19 16:21:40'),
(41, 202, 'Ms. Agatha Mwamuye', 6, '2026-04-19 16:21:40', '2026-04-19 16:21:40'),
(42, 203, 'Mr. Michael Mtaani', 6, '2026-04-19 16:21:40', '2026-04-19 16:21:40');

-- --------------------------------------------------------

--
-- Table structure for table `migrations`
--

CREATE TABLE `migrations` (
  `id` int(10) UNSIGNED NOT NULL,
  `migration` varchar(255) NOT NULL,
  `batch` int(11) NOT NULL
) ENGINE=InnoDB DEFAULT CHARSET=utf8mb4 COLLATE=utf8mb4_unicode_ci;

--
-- Dumping data for table `migrations`
--

INSERT INTO `migrations` (`id`, `migration`, `batch`) VALUES
(1, '0001_01_01_000000_create_users_table', 1),
(2, '0001_01_01_000001_create_cache_table', 1),
(3, '0001_01_01_000002_create_jobs_table', 1),
(4, '2026_03_30_110902_create_roles_table', 1),
(5, '2026_03_30_110903_create_departments_table', 1),
(6, '2026_03_30_110904_create_programs_table', 1),
(7, '2026_03_30_110905_create_modules_table', 1),
(8, '2026_03_30_110906_create_module_distributions_table', 1),
(9, '2026_03_30_110906_create_weeks_table', 1),
(10, '2026_03_30_110907_create_students_table', 1),
(11, '2026_03_30_110908_create_class_timings_table', 1),
(12, '2026_03_30_110909_create_attendances_table', 1),
(13, '2026_03_30_112617_add_role_id_to_users_table', 1),
(14, '2026_03_30_133917_add_program_id_to_users_table', 1),
(15, '2026_04_02_200630_create_devices_table', 1),
(16, '2026_04_04_100639_add_department_id_to_users_table', 1),
(17, '2026_04_04_102852_create_lecturers_table', 1),
(18, '2026_04_04_103410_create_hods_table', 1),
(19, '2026_04_07_000001_add_fingerprint_id_to_students_table', 1),
(20, '2026_04_08_000001_add_attendance_source_and_device_uid_to_attendances_table', 1),
(21, '2026_04_08_000002_add_fingerprint_lookup_indexes_to_attendances_table', 1),
(22, '2026_04_08_000003_add_admin_number_to_students_table', 1);

-- --------------------------------------------------------

--
-- Table structure for table `modules`
--

CREATE TABLE `modules` (
  `id` bigint(20) UNSIGNED NOT NULL,
  `module_name` varchar(255) NOT NULL,
  `module_code` varchar(255) NOT NULL,
  `module_credit` int(11) NOT NULL,
  `semester` varchar(255) NOT NULL,
  `nta_level` varchar(255) NOT NULL,
  `program_id` bigint(20) UNSIGNED NOT NULL,
  `created_at` timestamp NULL DEFAULT NULL,
  `updated_at` timestamp NULL DEFAULT NULL
) ENGINE=InnoDB DEFAULT CHARSET=utf8mb4 COLLATE=utf8mb4_unicode_ci;

--
-- Dumping data for table `modules`
--

INSERT INTO `modules` (`id`, `module_name`, `module_code`, `module_credit`, `semester`, `nta_level`, `program_id`, `created_at`, `updated_at`) VALUES
(1, 'Introduction to Multimedia', 'MM401', 10, 'Semester 1', '4', 1, '2026-04-19 16:20:10', '2026-04-19 16:20:10'),
(2, 'Graphic Design Basics', 'MM402', 10, 'Semester 1', '4', 1, '2026-04-19 16:20:10', '2026-04-19 16:20:10'),
(3, 'Photography and Imaging', 'MM403', 10, 'Semester 1', '4', 1, '2026-04-19 16:20:10', '2026-04-19 16:20:10'),
(4, 'Audio Production', 'MM404', 10, 'Semester 2', '4', 1, '2026-04-19 16:20:10', '2026-04-19 16:20:10'),
(5, 'Video Editing', 'MM405', 10, 'Semester 2', '4', 1, '2026-04-19 16:20:10', '2026-04-19 16:20:10'),
(6, 'Animation Techniques', 'MM501', 10, 'Semester 1', '5', 1, '2026-04-19 16:20:10', '2026-04-19 16:20:10'),
(7, 'Web Design', 'MM502', 10, 'Semester 1', '5', 1, '2026-04-19 16:20:10', '2026-04-19 16:20:10'),
(8, 'UI/UX Design', 'MM503', 10, 'Semester 1', '5', 1, '2026-04-19 16:20:10', '2026-04-19 16:20:10'),
(9, 'Motion Graphics', 'MM504', 10, 'Semester 2', '5', 1, '2026-04-19 16:20:10', '2026-04-19 16:20:10'),
(10, '3D Modeling', 'MM505', 10, 'Semester 2', '5', 1, '2026-04-19 16:20:10', '2026-04-19 16:20:10'),
(11, 'Advanced Animation', 'MM601', 10, 'Semester 1', '6', 1, '2026-04-19 16:20:10', '2026-04-19 16:20:10'),
(12, 'Game Design', 'MM602', 10, 'Semester 1', '6', 1, '2026-04-19 16:20:10', '2026-04-19 16:20:10'),
(13, 'Digital Marketing Media', 'MM603', 10, 'Semester 2', '6', 1, '2026-04-19 16:20:10', '2026-04-19 16:20:10'),
(14, 'Film Production', 'MM604', 10, 'Semester 2', '6', 1, '2026-04-19 16:20:10', '2026-04-19 16:20:10'),
(15, 'Multimedia Project', 'MM605', 10, 'Semester 2', '6', 1, '2026-04-19 16:20:10', '2026-04-19 16:20:10'),
(16, 'Introduction to Cyber Security', 'CS401', 10, 'Semester 1', '4', 2, '2026-04-19 16:20:10', '2026-04-19 16:20:10'),
(17, 'Network Fundamentals', 'CS402', 10, 'Semester 1', '4', 2, '2026-04-19 16:20:10', '2026-04-19 16:20:10'),
(18, 'Operating Systems Basics', 'CS403', 10, 'Semester 1', '4', 2, '2026-04-19 16:20:10', '2026-04-19 16:20:10'),
(19, 'Computer Hardware', 'CS404', 10, 'Semester 2', '4', 2, '2026-04-19 16:20:10', '2026-04-19 16:20:10'),
(20, 'Programming Fundamentals', 'CS405', 10, 'Semester 2', '4', 2, '2026-04-19 16:20:10', '2026-04-19 16:20:10'),
(21, 'Ethical Hacking', 'CS501', 10, 'Semester 1', '5', 2, '2026-04-19 16:20:10', '2026-04-19 16:20:10'),
(22, 'Network Security', 'CS502', 10, 'Semester 1', '5', 2, '2026-04-19 16:20:10', '2026-04-19 16:20:10'),
(23, 'Database Security', 'CS503', 10, 'Semester 1', '5', 2, '2026-04-19 16:20:10', '2026-04-19 16:20:10'),
(24, 'Cryptography', 'CS504', 10, 'Semester 2', '5', 2, '2026-04-19 16:20:10', '2026-04-19 16:20:10'),
(25, 'Web Security', 'CS505', 10, 'Semester 2', '5', 2, '2026-04-19 16:20:10', '2026-04-19 16:20:10'),
(26, 'Advanced Cyber Security', 'CS601', 10, 'Semester 1', '6', 2, '2026-04-19 16:20:10', '2026-04-19 16:20:10'),
(27, 'Digital Forensics', 'CS602', 10, 'Semester 1', '6', 2, '2026-04-19 16:20:10', '2026-04-19 16:20:10'),
(28, 'Penetration Testing', 'CS603', 10, 'Semester 2', '6', 2, '2026-04-19 16:20:10', '2026-04-19 16:20:10'),
(29, 'Cloud Security', 'CS604', 10, 'Semester 2', '6', 2, '2026-04-19 16:20:10', '2026-04-19 16:20:10'),
(30, 'Cyber Risk Management', 'CS605', 10, 'Semester 2', '6', 2, '2026-04-19 16:20:10', '2026-04-19 16:20:10'),
(31, 'Introduction to IT', 'IT401', 10, 'Semester 1', '4', 3, '2026-04-19 16:20:10', '2026-04-19 16:20:10'),
(32, 'Computer Applications', 'IT402', 10, 'Semester 1', '4', 3, '2026-04-19 16:20:10', '2026-04-19 16:20:10'),
(33, 'Database Basics', 'IT403', 10, 'Semester 1', '4', 3, '2026-04-19 16:20:10', '2026-04-19 16:20:10'),
(34, 'Networking Basics', 'IT404', 10, 'Semester 2', '4', 3, '2026-04-19 16:20:10', '2026-04-19 16:20:10'),
(35, 'Programming Basics', 'IT405', 10, 'Semester 2', '4', 3, '2026-04-19 16:20:10', '2026-04-19 16:20:10'),
(36, 'Web Development', 'IT501', 10, 'Semester 1', '5', 3, '2026-04-19 16:20:10', '2026-04-19 16:20:10'),
(37, 'System Analysis and Design', 'IT502', 10, 'Semester 1', '5', 3, '2026-04-19 16:20:10', '2026-04-19 16:20:10'),
(38, 'Database Management', 'IT503', 10, 'Semester 1', '5', 3, '2026-04-19 16:20:10', '2026-04-19 16:20:10'),
(39, 'Computer Networks', 'IT504', 10, 'Semester 2', '5', 3, '2026-04-19 16:20:10', '2026-04-19 16:20:10'),
(40, 'Software Engineering', 'IT505', 10, 'Semester 2', '5', 3, '2026-04-19 16:20:10', '2026-04-19 16:20:10'),
(41, 'Advanced Programming', 'IT601', 10, 'Semester 1', '6', 3, '2026-04-19 16:20:10', '2026-04-19 16:20:10'),
(42, 'Cloud Computing', 'IT602', 10, 'Semester 1', '6', 3, '2026-04-19 16:20:10', '2026-04-19 16:20:10'),
(43, 'Cyber Security Basics', 'IT603', 10, 'Semester 2', '6', 3, '2026-04-19 16:20:10', '2026-04-19 16:20:10'),
(44, 'IT Project Management', 'IT604', 10, 'Semester 2', '6', 3, '2026-04-19 16:20:10', '2026-04-19 16:20:10'),
(45, 'Final Year Project', 'IT605', 10, 'Semester 2', '6', 3, '2026-04-19 16:20:10', '2026-04-19 16:20:10'),
(46, 'Discrete Mathematics', 'CP401', 10, 'Semester 1', '4', 4, '2026-04-19 16:20:10', '2026-04-19 16:20:10'),
(47, 'Introduction to Programming', 'CP402', 10, 'Semester 1', '4', 4, '2026-04-19 16:20:10', '2026-04-19 16:20:10'),
(48, 'Computer Organization', 'CP403', 10, 'Semester 2', '4', 4, '2026-04-19 16:20:10', '2026-04-19 16:20:10'),
(49, 'Data Structures', 'CP501', 10, 'Semester 1', '5', 4, '2026-04-19 16:20:10', '2026-04-19 16:20:10'),
(50, 'Algorithms', 'CP502', 10, 'Semester 1', '5', 4, '2026-04-19 16:20:10', '2026-04-19 16:20:10'),
(51, 'Operating Systems', 'CP503', 10, 'Semester 2', '5', 4, '2026-04-19 16:20:10', '2026-04-19 16:20:10'),
(52, 'Artificial Intelligence', 'CP601', 10, 'Semester 1', '6', 4, '2026-04-19 16:20:10', '2026-04-19 16:20:10'),
(53, 'Machine Learning', 'CP602', 10, 'Semester 2', '6', 4, '2026-04-19 16:20:10', '2026-04-19 16:20:10'),
(54, 'Research Project', 'CP603', 10, 'Semester 2', '6', 4, '2026-04-19 16:20:10', '2026-04-19 16:20:10'),
(55, 'Requirements Engineering', 'SE401', 10, 'Semester 1', '4', 5, '2026-04-19 16:20:10', '2026-04-19 16:20:10'),
(56, 'Object Oriented Programming', 'SE402', 10, 'Semester 1', '4', 5, '2026-04-19 16:20:10', '2026-04-19 16:20:10'),
(57, 'Software Design Patterns', 'SE501', 10, 'Semester 1', '5', 5, '2026-04-19 16:20:10', '2026-04-19 16:20:10'),
(58, 'Testing and Quality Assurance', 'SE502', 10, 'Semester 2', '5', 5, '2026-04-19 16:20:10', '2026-04-19 16:20:10'),
(59, 'Agile Development', 'SE503', 10, 'Semester 2', '5', 5, '2026-04-19 16:20:10', '2026-04-19 16:20:10'),
(60, 'DevOps and CI/CD', 'SE601', 10, 'Semester 1', '6', 5, '2026-04-19 16:20:10', '2026-04-19 16:20:10'),
(61, 'Mobile Application Development', 'SE602', 10, 'Semester 2', '6', 5, '2026-04-19 16:20:10', '2026-04-19 16:20:10'),
(62, 'Capstone Project', 'SE603', 10, 'Semester 2', '6', 5, '2026-04-19 16:20:10', '2026-04-19 16:20:10'),
(63, 'Principles of Management', 'BM401', 10, 'Semester 1', '4', 6, '2026-04-19 16:20:10', '2026-04-19 16:20:10'),
(64, 'Business Communication', 'BM402', 10, 'Semester 1', '4', 6, '2026-04-19 16:20:10', '2026-04-19 16:20:10'),
(65, 'Business Mathematics', 'BM403', 10, 'Semester 2', '4', 6, '2026-04-19 16:20:10', '2026-04-19 16:20:10'),
(66, 'Introduction to Economics', 'BM404', 10, 'Semester 2', '4', 6, '2026-04-19 16:20:10', '2026-04-19 16:20:10'),
(67, 'Financial Accounting', 'BM501', 10, 'Semester 1', '5', 6, '2026-04-19 16:20:10', '2026-04-19 16:20:10'),
(68, 'Human Resource Management', 'BM502', 10, 'Semester 1', '5', 6, '2026-04-19 16:20:10', '2026-04-19 16:20:10'),
(69, 'Marketing Management', 'BM503', 10, 'Semester 2', '5', 6, '2026-04-19 16:20:10', '2026-04-19 16:20:10'),
(70, 'Business Law', 'BM504', 10, 'Semester 2', '5', 6, '2026-04-19 16:20:10', '2026-04-19 16:20:10'),
(71, 'Entrepreneurship Development', 'BM601', 10, 'Semester 1', '6', 6, '2026-04-19 16:20:10', '2026-04-19 16:20:10'),
(72, 'Strategic Management', 'BM602', 10, 'Semester 2', '6', 6, '2026-04-19 16:20:10', '2026-04-19 16:20:10'),
(73, 'Business Research Methods', 'BM603', 10, 'Semester 2', '6', 6, '2026-04-19 16:20:10', '2026-04-19 16:20:10'),
(74, 'Principles of Accounting', 'AF401', 10, 'Semester 1', '4', 7, '2026-04-19 16:20:10', '2026-04-19 16:20:10'),
(75, 'Book Keeping', 'AF402', 10, 'Semester 2', '4', 7, '2026-04-19 16:20:10', '2026-04-19 16:20:10'),
(76, 'Cost Accounting', 'AF501', 10, 'Semester 1', '5', 7, '2026-04-19 16:20:10', '2026-04-19 16:20:10'),
(77, 'Financial Management', 'AF502', 10, 'Semester 2', '5', 7, '2026-04-19 16:20:10', '2026-04-19 16:20:10'),
(78, 'Auditing', 'AF601', 10, 'Semester 1', '6', 7, '2026-04-19 16:20:10', '2026-04-19 16:20:10'),
(79, 'Taxation', 'AF602', 10, 'Semester 2', '6', 7, '2026-04-19 16:20:10', '2026-04-19 16:20:10'),
(80, 'Procurement Basics', 'PS401', 10, 'Semester 1', '4', 8, '2026-04-19 16:20:10', '2026-04-19 16:20:10'),
(81, 'Supply Chain Management', 'PS501', 10, 'Semester 1', '5', 8, '2026-04-19 16:20:10', '2026-04-19 16:20:10'),
(82, 'Inventory Management', 'PS502', 10, 'Semester 2', '5', 8, '2026-04-19 16:20:10', '2026-04-19 16:20:10'),
(83, 'Logistics Management', 'PS601', 10, 'Semester 1', '6', 8, '2026-04-19 16:20:10', '2026-04-19 16:20:10'),
(84, 'Contract Management', 'PS602', 10, 'Semester 2', '6', 8, '2026-04-19 16:20:10', '2026-04-19 16:20:10'),
(85, 'Introduction to HRM', 'HR401', 10, 'Semester 1', '4', 9, '2026-04-19 16:20:10', '2026-04-19 16:20:10'),
(86, 'Organizational Behavior', 'HR501', 10, 'Semester 1', '5', 9, '2026-04-19 16:20:10', '2026-04-19 16:20:10'),
(87, 'Training and Development', 'HR502', 10, 'Semester 2', '5', 9, '2026-04-19 16:20:10', '2026-04-19 16:20:10'),
(88, 'Labour Law', 'HR601', 10, 'Semester 1', '6', 9, '2026-04-19 16:20:10', '2026-04-19 16:20:10'),
(89, 'Performance Management', 'HR602', 10, 'Semester 2', '6', 9, '2026-04-19 16:20:10', '2026-04-19 16:20:10'),
(90, 'Consumer Behaviour', 'MK401', 10, 'Semester 1', '4', 10, '2026-04-19 16:20:10', '2026-04-19 16:20:10'),
(91, 'Digital Marketing', 'MK501', 10, 'Semester 1', '5', 10, '2026-04-19 16:20:10', '2026-04-19 16:20:10'),
(92, 'Brand Management', 'MK502', 10, 'Semester 2', '5', 10, '2026-04-19 16:20:10', '2026-04-19 16:20:10'),
(93, 'Sales Management', 'MK601', 10, 'Semester 1', '6', 10, '2026-04-19 16:20:10', '2026-04-19 16:20:10'),
(94, 'International Marketing', 'MK602', 10, 'Semester 2', '6', 10, '2026-04-19 16:20:10', '2026-04-19 16:20:10'),
(95, 'Engineering Drawing', 'CE401', 10, 'Semester 1', '4', 11, '2026-04-19 16:20:10', '2026-04-19 16:20:10'),
(96, 'Construction Materials', 'CE402', 10, 'Semester 1', '4', 11, '2026-04-19 16:20:10', '2026-04-19 16:20:10'),
(97, 'Engineering Mathematics', 'CE403', 10, 'Semester 2', '4', 11, '2026-04-19 16:20:10', '2026-04-19 16:20:10'),
(98, 'Structural Analysis', 'CE501', 10, 'Semester 1', '5', 11, '2026-04-19 16:20:10', '2026-04-19 16:20:10'),
(99, 'Fluid Mechanics', 'CE502', 10, 'Semester 1', '5', 11, '2026-04-19 16:20:10', '2026-04-19 16:20:10'),
(100, 'Geotechnical Engineering', 'CE503', 10, 'Semester 2', '5', 11, '2026-04-19 16:20:10', '2026-04-19 16:20:10'),
(101, 'Hydraulics', 'CE504', 10, 'Semester 2', '5', 11, '2026-04-19 16:20:10', '2026-04-19 16:20:10'),
(102, 'Advanced Structural Design', 'CE601', 10, 'Semester 1', '6', 11, '2026-04-19 16:20:10', '2026-04-19 16:20:10'),
(103, 'Transportation Engineering', 'CE602', 10, 'Semester 2', '6', 11, '2026-04-19 16:20:10', '2026-04-19 16:20:10'),
(104, 'Environmental Engineering', 'CE603', 10, 'Semester 2', '6', 11, '2026-04-19 16:20:10', '2026-04-19 16:20:10'),
(105, 'Construction Technology', 'CM401', 10, 'Semester 1', '4', 12, '2026-04-19 16:20:10', '2026-04-19 16:20:10'),
(106, 'Site Management', 'CM501', 10, 'Semester 1', '5', 12, '2026-04-19 16:20:10', '2026-04-19 16:20:10'),
(107, 'Construction Project Management', 'CM502', 10, 'Semester 2', '5', 12, '2026-04-19 16:20:10', '2026-04-19 16:20:10'),
(108, 'Quantity Surveying', 'CM601', 10, 'Semester 1', '6', 12, '2026-04-19 16:20:10', '2026-04-19 16:20:10'),
(109, 'Building Regulations', 'CM602', 10, 'Semester 2', '6', 12, '2026-04-19 16:20:10', '2026-04-19 16:20:10'),
(110, 'Masonry and Plastering', 'BT401', 10, 'Semester 1', '4', 13, '2026-04-19 16:20:10', '2026-04-19 16:20:10'),
(111, 'Carpentry and Joinery', 'BT402', 10, 'Semester 2', '4', 13, '2026-04-19 16:20:10', '2026-04-19 16:20:10'),
(112, 'Plumbing Technology', 'BT501', 10, 'Semester 1', '5', 13, '2026-04-19 16:20:10', '2026-04-19 16:20:10'),
(113, 'Electrical Installation', 'BT502', 10, 'Semester 2', '5', 13, '2026-04-19 16:20:10', '2026-04-19 16:20:10'),
(114, 'Building Services', 'BT601', 10, 'Semester 1', '6', 13, '2026-04-19 16:20:10', '2026-04-19 16:20:10'),
(115, 'Green Building Technology', 'BT602', 10, 'Semester 2', '6', 13, '2026-04-19 16:20:10', '2026-04-19 16:20:10'),
(116, 'Statics and Dynamics', 'ST401', 10, 'Semester 1', '4', 14, '2026-04-19 16:20:10', '2026-04-19 16:20:10'),
(117, 'Strength of Materials', 'ST501', 10, 'Semester 1', '5', 14, '2026-04-19 16:20:10', '2026-04-19 16:20:10'),
(118, 'Concrete Technology', 'ST502', 10, 'Semester 2', '5', 14, '2026-04-19 16:20:10', '2026-04-19 16:20:10'),
(119, 'Steel Structures', 'ST601', 10, 'Semester 1', '6', 14, '2026-04-19 16:20:10', '2026-04-19 16:20:10'),
(120, 'Foundation Engineering', 'ST602', 10, 'Semester 2', '6', 14, '2026-04-19 16:20:10', '2026-04-19 16:20:10'),
(121, 'Introduction to Surveying', 'LS401', 10, 'Semester 1', '4', 15, '2026-04-19 16:20:10', '2026-04-19 16:20:10'),
(122, 'Topographic Surveying', 'LS501', 10, 'Semester 1', '5', 15, '2026-04-19 16:20:10', '2026-04-19 16:20:10'),
(123, 'Cadastral Surveying', 'LS502', 10, 'Semester 2', '5', 15, '2026-04-19 16:20:10', '2026-04-19 16:20:10'),
(124, 'Remote Sensing and GIS', 'LS601', 10, 'Semester 1', '6', 15, '2026-04-19 16:20:10', '2026-04-19 16:20:10'),
(125, 'Geodesy', 'LS602', 10, 'Semester 2', '6', 15, '2026-04-19 16:20:10', '2026-04-19 16:20:10'),
(126, 'Circuit Theory', 'EE401', 10, 'Semester 1', '4', 16, '2026-04-19 16:20:10', '2026-04-19 16:20:10'),
(127, 'Electronics I', 'EE402', 10, 'Semester 1', '4', 16, '2026-04-19 16:20:10', '2026-04-19 16:20:10'),
(128, 'Electrical Measurements', 'EE403', 10, 'Semester 2', '4', 16, '2026-04-19 16:20:10', '2026-04-19 16:20:10'),
(129, 'Circuit Analysis', 'EE501', 10, 'Semester 1', '5', 16, '2026-04-19 16:20:10', '2026-04-19 16:20:10'),
(130, 'Digital Electronics', 'EE502', 10, 'Semester 1', '5', 16, '2026-04-19 16:20:10', '2026-04-19 16:20:10'),
(131, 'Control Systems', 'EE503', 10, 'Semester 2', '5', 16, '2026-04-19 16:20:10', '2026-04-19 16:20:10'),
(132, 'Electrical Machines', 'EE504', 10, 'Semester 2', '5', 16, '2026-04-19 16:20:10', '2026-04-19 16:20:10'),
(133, 'Power Systems', 'EE601', 10, 'Semester 1', '6', 16, '2026-04-19 16:20:10', '2026-04-19 16:20:10'),
(134, 'Renewable Energy Systems', 'EE602', 10, 'Semester 2', '6', 16, '2026-04-19 16:20:10', '2026-04-19 16:20:10'),
(135, 'High Voltage Engineering', 'EE603', 10, 'Semester 2', '6', 16, '2026-04-19 16:20:10', '2026-04-19 16:20:10'),
(136, 'Analog Electronics', 'ET401', 10, 'Semester 1', '4', 17, '2026-04-19 16:20:10', '2026-04-19 16:20:10'),
(137, 'Signal Processing', 'ET402', 10, 'Semester 2', '4', 17, '2026-04-19 16:20:10', '2026-04-19 16:20:10'),
(138, 'Digital Communication Systems', 'ET501', 10, 'Semester 1', '5', 17, '2026-04-19 16:20:10', '2026-04-19 16:20:10'),
(139, 'Microprocessors and Embedded', 'ET502', 10, 'Semester 2', '5', 17, '2026-04-19 16:20:10', '2026-04-19 16:20:10'),
(140, 'Wireless Communication', 'ET601', 10, 'Semester 1', '6', 17, '2026-04-19 16:20:10', '2026-04-19 16:20:10'),
(141, 'Optical Fiber Communication', 'ET602', 10, 'Semester 2', '6', 17, '2026-04-19 16:20:10', '2026-04-19 16:20:10'),
(142, 'Power Generation', 'PE401', 10, 'Semester 1', '4', 18, '2026-04-19 16:20:10', '2026-04-19 16:20:10'),
(143, 'Power Transmission', 'PE501', 10, 'Semester 1', '5', 18, '2026-04-19 16:20:10', '2026-04-19 16:20:10'),
(144, 'Power Distribution', 'PE502', 10, 'Semester 2', '5', 18, '2026-04-19 16:20:10', '2026-04-19 16:20:10'),
(145, 'Industrial Power Systems', 'PE601', 10, 'Semester 1', '6', 18, '2026-04-19 16:20:10', '2026-04-19 16:20:10'),
(146, 'Smart Grid Technology', 'PE602', 10, 'Semester 2', '6', 18, '2026-04-19 16:20:10', '2026-04-19 16:20:10'),
(147, 'Instrumentation Basics', 'IC401', 10, 'Semester 1', '4', 19, '2026-04-19 16:20:10', '2026-04-19 16:20:10'),
(148, 'Process Control', 'IC501', 10, 'Semester 1', '5', 19, '2026-04-19 16:20:10', '2026-04-19 16:20:10'),
(149, 'PLC Programming', 'IC502', 10, 'Semester 2', '5', 19, '2026-04-19 16:20:10', '2026-04-19 16:20:10'),
(150, 'Industrial Automation', 'IC601', 10, 'Semester 1', '6', 19, '2026-04-19 16:20:10', '2026-04-19 16:20:10'),
(151, 'SCADA Systems', 'IC602', 10, 'Semester 2', '6', 19, '2026-04-19 16:20:10', '2026-04-19 16:20:10'),
(152, 'Solar Energy Technology', 'RE401', 10, 'Semester 1', '4', 20, '2026-04-19 16:20:10', '2026-04-19 16:20:10'),
(153, 'Wind Energy Technology', 'RE501', 10, 'Semester 1', '5', 20, '2026-04-19 16:20:10', '2026-04-19 16:20:10'),
(154, 'Biomass Energy', 'RE502', 10, 'Semester 2', '5', 20, '2026-04-19 16:20:10', '2026-04-19 16:20:10'),
(155, 'Energy Storage Systems', 'RE601', 10, 'Semester 1', '6', 20, '2026-04-19 16:20:10', '2026-04-19 16:20:10'),
(156, 'Energy Audit and Management', 'RE602', 10, 'Semester 2', '6', 20, '2026-04-19 16:20:10', '2026-04-19 16:20:10'),
(157, 'Engineering Mechanics', 'ME401', 10, 'Semester 1', '4', 21, '2026-04-19 16:20:10', '2026-04-19 16:20:10'),
(158, 'Workshop Technology', 'ME402', 10, 'Semester 2', '4', 21, '2026-04-19 16:20:10', '2026-04-19 16:20:10'),
(159, 'Thermodynamics', 'ME501', 10, 'Semester 1', '5', 21, '2026-04-19 16:20:10', '2026-04-19 16:20:10'),
(160, 'Fluid Power Systems', 'ME502', 10, 'Semester 1', '5', 21, '2026-04-19 16:20:10', '2026-04-19 16:20:10'),
(161, 'Manufacturing Processes', 'ME503', 10, 'Semester 2', '5', 21, '2026-04-19 16:20:10', '2026-04-19 16:20:10'),
(162, 'Fluid Mechanics', 'ME601', 10, 'Semester 1', '6', 21, '2026-04-19 16:20:10', '2026-04-19 16:20:10'),
(163, 'Machine Design', 'ME602', 10, 'Semester 1', '6', 21, '2026-04-19 16:20:10', '2026-04-19 16:20:10'),
(164, 'Heat Transfer', 'ME603', 10, 'Semester 2', '6', 21, '2026-04-19 16:20:10', '2026-04-19 16:20:10'),
(165, 'Vibration Analysis', 'ME604', 10, 'Semester 2', '6', 21, '2026-04-19 16:20:10', '2026-04-19 16:20:10'),
(166, 'Maintenance Management', 'IM401', 10, 'Semester 1', '4', 22, '2026-04-19 16:20:10', '2026-04-19 16:20:10'),
(167, 'Lubrication Technology', 'IM501', 10, 'Semester 1', '5', 22, '2026-04-19 16:20:10', '2026-04-19 16:20:10'),
(168, 'Condition Monitoring', 'IM502', 10, 'Semester 2', '5', 22, '2026-04-19 16:20:10', '2026-04-19 16:20:10'),
(169, 'Predictive Maintenance', 'IM601', 10, 'Semester 1', '6', 22, '2026-04-19 16:20:10', '2026-04-19 16:20:10'),
(170, 'Plant Maintenance Systems', 'IM602', 10, 'Semester 2', '6', 22, '2026-04-19 16:20:10', '2026-04-19 16:20:10'),
(171, 'Production Planning', 'PR401', 10, 'Semester 1', '4', 23, '2026-04-19 16:20:10', '2026-04-19 16:20:10'),
(172, 'Quality Control', 'PR501', 10, 'Semester 1', '5', 23, '2026-04-19 16:20:10', '2026-04-19 16:20:10'),
(173, 'CNC Machining', 'PR502', 10, 'Semester 2', '5', 23, '2026-04-19 16:20:10', '2026-04-19 16:20:10'),
(174, 'Lean Manufacturing', 'PR601', 10, 'Semester 1', '6', 23, '2026-04-19 16:20:10', '2026-04-19 16:20:10'),
(175, 'CAD/CAM Systems', 'PR602', 10, 'Semester 2', '6', 23, '2026-04-19 16:20:10', '2026-04-19 16:20:10'),
(176, 'Welding Fundamentals', 'WF401', 10, 'Semester 1', '4', 24, '2026-04-19 16:20:10', '2026-04-19 16:20:10'),
(177, 'Arc Welding Technology', 'WF501', 10, 'Semester 1', '5', 24, '2026-04-19 16:20:10', '2026-04-19 16:20:10'),
(178, 'Metal Fabrication', 'WF502', 10, 'Semester 2', '5', 24, '2026-04-19 16:20:10', '2026-04-19 16:20:10'),
(179, 'Non-Destructive Testing', 'WF601', 10, 'Semester 1', '6', 24, '2026-04-19 16:20:10', '2026-04-19 16:20:10'),
(180, 'Structural Welding', 'WF602', 10, 'Semester 2', '6', 24, '2026-04-19 16:20:10', '2026-04-19 16:20:10'),
(181, 'Refrigeration Fundamentals', 'HV401', 10, 'Semester 1', '4', 25, '2026-04-19 16:20:10', '2026-04-19 16:20:10'),
(182, 'Air Conditioning Systems', 'HV501', 10, 'Semester 1', '5', 25, '2026-04-19 16:20:10', '2026-04-19 16:20:10'),
(183, 'Ventilation Design', 'HV502', 10, 'Semester 2', '5', 25, '2026-04-19 16:20:10', '2026-04-19 16:20:10'),
(184, 'HVAC Controls and Automation', 'HV601', 10, 'Semester 1', '6', 25, '2026-04-19 16:20:10', '2026-04-19 16:20:10'),
(185, 'Energy Efficient HVAC Design', 'HV602', 10, 'Semester 2', '6', 25, '2026-04-19 16:20:10', '2026-04-19 16:20:10'),
(186, 'Auto Mechanics Basics', 'AE401', 10, 'Semester 1', '4', 26, '2026-04-19 16:20:10', '2026-04-19 16:20:10'),
(187, 'Engine Systems', 'AE402', 10, 'Semester 1', '4', 26, '2026-04-19 16:20:10', '2026-04-19 16:20:10'),
(188, 'Vehicle Electronics', 'AE403', 10, 'Semester 2', '4', 26, '2026-04-19 16:20:10', '2026-04-19 16:20:10'),
(189, 'Automotive Engines', 'AE501', 10, 'Semester 1', '5', 26, '2026-04-19 16:20:10', '2026-04-19 16:20:10'),
(190, 'Vehicle Technology', 'AE502', 10, 'Semester 1', '5', 26, '2026-04-19 16:20:10', '2026-04-19 16:20:10'),
(191, 'Vehicle Maintenance', 'AE503', 10, 'Semester 2', '5', 26, '2026-04-19 16:20:10', '2026-04-19 16:20:10'),
(192, 'Automotive Diagnostics', 'AE601', 10, 'Semester 1', '6', 26, '2026-04-19 16:20:10', '2026-04-19 16:20:10'),
(193, 'Hybrid Vehicle Technology', 'AE602', 10, 'Semester 2', '6', 26, '2026-04-19 16:20:10', '2026-04-19 16:20:10'),
(194, 'Auto Electrical Systems', 'AE603', 10, 'Semester 2', '6', 26, '2026-04-19 16:20:10', '2026-04-19 16:20:10'),
(195, 'Preventive Maintenance', 'AM401', 10, 'Semester 1', '4', 27, '2026-04-19 16:20:10', '2026-04-19 16:20:10'),
(196, 'Brake Systems', 'AM501', 10, 'Semester 1', '5', 27, '2026-04-19 16:20:10', '2026-04-19 16:20:10'),
(197, 'Transmission Systems', 'AM502', 10, 'Semester 2', '5', 27, '2026-04-19 16:20:10', '2026-04-19 16:20:10'),
(198, 'Suspension and Steering', 'AM601', 10, 'Semester 1', '6', 27, '2026-04-19 16:20:10', '2026-04-19 16:20:10'),
(199, 'Advanced Diagnostics', 'AM602', 10, 'Semester 2', '6', 27, '2026-04-19 16:20:10', '2026-04-19 16:20:10'),
(200, 'Panel Beating Basics', 'VB401', 10, 'Semester 1', '4', 28, '2026-04-19 16:20:10', '2026-04-19 16:20:10'),
(201, 'Vehicle Painting', 'VB501', 10, 'Semester 1', '5', 28, '2026-04-19 16:20:10', '2026-04-19 16:20:10'),
(202, 'Body Alignment and Repair', 'VB502', 10, 'Semester 2', '5', 28, '2026-04-19 16:20:10', '2026-04-19 16:20:10'),
(203, 'Advanced Body Repair', 'VB601', 10, 'Semester 1', '6', 28, '2026-04-19 16:20:10', '2026-04-19 16:20:10'),
(204, 'Vehicle Refinishing', 'VB602', 10, 'Semester 2', '6', 28, '2026-04-19 16:20:10', '2026-04-19 16:20:10'),
(205, 'Diesel Engine Fundamentals', 'DP401', 10, 'Semester 1', '4', 29, '2026-04-19 16:20:10', '2026-04-19 16:20:10'),
(206, 'Fuel Injection Systems', 'DP501', 10, 'Semester 1', '5', 29, '2026-04-19 16:20:10', '2026-04-19 16:20:10'),
(207, 'Heavy Plant Equipment', 'DP502', 10, 'Semester 2', '5', 29, '2026-04-19 16:20:10', '2026-04-19 16:20:10'),
(208, 'Diesel Engine Overhaul', 'DP601', 10, 'Semester 1', '6', 29, '2026-04-19 16:20:10', '2026-04-19 16:20:10'),
(209, 'Plant Management', 'DP602', 10, 'Semester 2', '6', 29, '2026-04-19 16:20:10', '2026-04-19 16:20:10'),
(210, 'Introduction to Electric Vehicles', 'EV401', 10, 'Semester 1', '4', 30, '2026-04-19 16:20:10', '2026-04-19 16:20:10'),
(211, 'Battery Technology', 'EV501', 10, 'Semester 1', '5', 30, '2026-04-19 16:20:10', '2026-04-19 16:20:10'),
(212, 'Electric Drivetrains', 'EV502', 10, 'Semester 2', '5', 30, '2026-04-19 16:20:10', '2026-04-19 16:20:10'),
(213, 'EV Charging Infrastructure', 'EV601', 10, 'Semester 1', '6', 30, '2026-04-19 16:20:10', '2026-04-19 16:20:10'),
(214, 'Advanced EV Systems', 'EV602', 10, 'Semester 2', '6', 30, '2026-04-19 16:20:10', '2026-04-19 16:20:10');

-- --------------------------------------------------------

--
-- Table structure for table `module_distributions`
--

CREATE TABLE `module_distributions` (
  `id` bigint(20) UNSIGNED NOT NULL,
  `academic_year` varchar(255) NOT NULL,
  `user_id` bigint(20) UNSIGNED NOT NULL,
  `module_id` bigint(20) UNSIGNED NOT NULL,
  `created_at` timestamp NULL DEFAULT NULL,
  `updated_at` timestamp NULL DEFAULT NULL
) ENGINE=InnoDB DEFAULT CHARSET=utf8mb4 COLLATE=utf8mb4_unicode_ci;

--
-- Dumping data for table `module_distributions`
--

INSERT INTO `module_distributions` (`id`, `academic_year`, `user_id`, `module_id`, `created_at`, `updated_at`) VALUES
(1, '2025/2026', 7, 11, '2026-04-19 16:21:41', '2026-04-19 16:21:41'),
(2, '2025/2026', 8, 35, '2026-04-19 16:21:41', '2026-04-19 16:21:41'),
(3, '2025/2026', 9, 39, '2026-04-19 16:21:41', '2026-04-19 16:21:41'),
(4, '2025/2026', 10, 29, '2026-04-19 16:21:41', '2026-04-19 16:21:41'),
(5, '2025/2026', 11, 54, '2026-04-19 16:21:41', '2026-04-19 16:21:41'),
(6, '2025/2026', 12, 15, '2026-04-19 16:21:41', '2026-04-19 16:21:41'),
(7, '2025/2026', 13, 31, '2026-04-19 16:21:41', '2026-04-19 16:21:41'),
(8, '2025/2026', 7, 40, '2026-04-19 16:21:41', '2026-04-19 16:21:41'),
(9, '2025/2026', 8, 6, '2026-04-19 16:21:41', '2026-04-19 16:21:41'),
(10, '2025/2026', 9, 41, '2026-04-19 16:21:41', '2026-04-19 16:21:41'),
(11, '2025/2026', 10, 45, '2026-04-19 16:21:41', '2026-04-19 16:21:41'),
(12, '2025/2026', 11, 9, '2026-04-19 16:21:41', '2026-04-19 16:21:41'),
(13, '2025/2026', 12, 58, '2026-04-19 16:21:41', '2026-04-19 16:21:41'),
(14, '2025/2026', 13, 1, '2026-04-19 16:21:41', '2026-04-19 16:21:41'),
(15, '2025/2026', 7, 32, '2026-04-19 16:21:41', '2026-04-19 16:21:41'),
(16, '2025/2026', 8, 42, '2026-04-19 16:21:41', '2026-04-19 16:21:41'),
(17, '2025/2026', 9, 21, '2026-04-19 16:21:41', '2026-04-19 16:21:41'),
(18, '2025/2026', 10, 23, '2026-04-19 16:21:41', '2026-04-19 16:21:41'),
(19, '2025/2026', 11, 57, '2026-04-19 16:21:41', '2026-04-19 16:21:41'),
(20, '2025/2026', 12, 44, '2026-04-19 16:21:41', '2026-04-19 16:21:41'),
(21, '2025/2026', 13, 46, '2026-04-19 16:21:41', '2026-04-19 16:21:41'),
(22, '2025/2026', 7, 27, '2026-04-19 16:21:41', '2026-04-19 16:21:41'),
(23, '2025/2026', 8, 18, '2026-04-19 16:21:41', '2026-04-19 16:21:41'),
(24, '2025/2026', 9, 52, '2026-04-19 16:21:41', '2026-04-19 16:21:41'),
(25, '2025/2026', 10, 36, '2026-04-19 16:21:41', '2026-04-19 16:21:41'),
(26, '2025/2026', 11, 49, '2026-04-19 16:21:41', '2026-04-19 16:21:41'),
(27, '2025/2026', 12, 30, '2026-04-19 16:21:41', '2026-04-19 16:21:41'),
(28, '2025/2026', 13, 14, '2026-04-19 16:21:41', '2026-04-19 16:21:41'),
(29, '2025/2026', 7, 17, '2026-04-19 16:21:41', '2026-04-19 16:21:41'),
(30, '2025/2026', 8, 61, '2026-04-19 16:21:41', '2026-04-19 16:21:41'),
(31, '2025/2026', 9, 4, '2026-04-19 16:21:41', '2026-04-19 16:21:41'),
(32, '2025/2026', 10, 37, '2026-04-19 16:21:41', '2026-04-19 16:21:41'),
(33, '2025/2026', 11, 43, '2026-04-19 16:21:41', '2026-04-19 16:21:41'),
(34, '2025/2026', 12, 19, '2026-04-19 16:21:41', '2026-04-19 16:21:41'),
(35, '2025/2026', 13, 13, '2026-04-19 16:21:41', '2026-04-19 16:21:41'),
(36, '2025/2026', 7, 28, '2026-04-19 16:21:41', '2026-04-19 16:21:41'),
(37, '2025/2026', 8, 8, '2026-04-19 16:21:41', '2026-04-19 16:21:41'),
(38, '2025/2026', 9, 7, '2026-04-19 16:21:41', '2026-04-19 16:21:41'),
(39, '2025/2026', 10, 59, '2026-04-19 16:21:41', '2026-04-19 16:21:41'),
(40, '2025/2026', 11, 3, '2026-04-19 16:21:41', '2026-04-19 16:21:41'),
(41, '2025/2026', 12, 56, '2026-04-19 16:21:41', '2026-04-19 16:21:41'),
(42, '2025/2026', 13, 62, '2026-04-19 16:21:41', '2026-04-19 16:21:41'),
(43, '2025/2026', 7, 25, '2026-04-19 16:21:41', '2026-04-19 16:21:41'),
(44, '2025/2026', 8, 50, '2026-04-19 16:21:41', '2026-04-19 16:21:41'),
(45, '2025/2026', 9, 55, '2026-04-19 16:21:41', '2026-04-19 16:21:41'),
(46, '2025/2026', 10, 53, '2026-04-19 16:21:41', '2026-04-19 16:21:41'),
(47, '2025/2026', 11, 47, '2026-04-19 16:21:41', '2026-04-19 16:21:41'),
(48, '2025/2026', 12, 26, '2026-04-19 16:21:41', '2026-04-19 16:21:41'),
(49, '2025/2026', 13, 33, '2026-04-19 16:21:41', '2026-04-19 16:21:41'),
(50, '2025/2026', 7, 12, '2026-04-19 16:21:41', '2026-04-19 16:21:41'),
(51, '2025/2026', 8, 20, '2026-04-19 16:21:41', '2026-04-19 16:21:41'),
(52, '2025/2026', 9, 51, '2026-04-19 16:21:41', '2026-04-19 16:21:41'),
(53, '2025/2026', 10, 5, '2026-04-19 16:21:41', '2026-04-19 16:21:41'),
(54, '2025/2026', 11, 10, '2026-04-19 16:21:41', '2026-04-19 16:21:41'),
(55, '2025/2026', 12, 16, '2026-04-19 16:21:41', '2026-04-19 16:21:41'),
(56, '2025/2026', 13, 2, '2026-04-19 16:21:41', '2026-04-19 16:21:41'),
(57, '2025/2026', 7, 24, '2026-04-19 16:21:41', '2026-04-19 16:21:41'),
(58, '2025/2026', 8, 38, '2026-04-19 16:21:41', '2026-04-19 16:21:41'),
(59, '2025/2026', 9, 48, '2026-04-19 16:21:41', '2026-04-19 16:21:41'),
(60, '2025/2026', 10, 22, '2026-04-19 16:21:41', '2026-04-19 16:21:41'),
(61, '2025/2026', 11, 34, '2026-04-19 16:21:41', '2026-04-19 16:21:41'),
(62, '2025/2026', 12, 60, '2026-04-19 16:21:41', '2026-04-19 16:21:41'),
(63, '2025/2026', 45, 92, '2026-04-19 16:21:41', '2026-04-19 16:21:41'),
(64, '2025/2026', 46, 63, '2026-04-19 16:21:41', '2026-04-19 16:21:41'),
(65, '2025/2026', 47, 82, '2026-04-19 16:21:41', '2026-04-19 16:21:41'),
(66, '2025/2026', 48, 86, '2026-04-19 16:21:41', '2026-04-19 16:21:41'),
(67, '2025/2026', 49, 85, '2026-04-19 16:21:41', '2026-04-19 16:21:41'),
(68, '2025/2026', 50, 68, '2026-04-19 16:21:41', '2026-04-19 16:21:41'),
(69, '2025/2026', 51, 69, '2026-04-19 16:21:41', '2026-04-19 16:21:41'),
(70, '2025/2026', 45, 67, '2026-04-19 16:21:41', '2026-04-19 16:21:41'),
(71, '2025/2026', 46, 94, '2026-04-19 16:21:41', '2026-04-19 16:21:41'),
(72, '2025/2026', 47, 71, '2026-04-19 16:21:41', '2026-04-19 16:21:41'),
(73, '2025/2026', 48, 84, '2026-04-19 16:21:41', '2026-04-19 16:21:41'),
(74, '2025/2026', 49, 80, '2026-04-19 16:21:41', '2026-04-19 16:21:41'),
(75, '2025/2026', 50, 93, '2026-04-19 16:21:41', '2026-04-19 16:21:41'),
(76, '2025/2026', 51, 90, '2026-04-19 16:21:41', '2026-04-19 16:21:41'),
(77, '2025/2026', 45, 65, '2026-04-19 16:21:41', '2026-04-19 16:21:41'),
(78, '2025/2026', 46, 91, '2026-04-19 16:21:41', '2026-04-19 16:21:41'),
(79, '2025/2026', 47, 78, '2026-04-19 16:21:41', '2026-04-19 16:21:41'),
(80, '2025/2026', 48, 70, '2026-04-19 16:21:41', '2026-04-19 16:21:41'),
(81, '2025/2026', 49, 76, '2026-04-19 16:21:41', '2026-04-19 16:21:41'),
(82, '2025/2026', 50, 64, '2026-04-19 16:21:41', '2026-04-19 16:21:41'),
(83, '2025/2026', 51, 73, '2026-04-19 16:21:41', '2026-04-19 16:21:41'),
(84, '2025/2026', 45, 87, '2026-04-19 16:21:41', '2026-04-19 16:21:41'),
(85, '2025/2026', 46, 81, '2026-04-19 16:21:41', '2026-04-19 16:21:41'),
(86, '2025/2026', 47, 83, '2026-04-19 16:21:41', '2026-04-19 16:21:41'),
(87, '2025/2026', 48, 77, '2026-04-19 16:21:41', '2026-04-19 16:21:41'),
(88, '2025/2026', 49, 89, '2026-04-19 16:21:41', '2026-04-19 16:21:41'),
(89, '2025/2026', 50, 75, '2026-04-19 16:21:41', '2026-04-19 16:21:41'),
(90, '2025/2026', 51, 66, '2026-04-19 16:21:41', '2026-04-19 16:21:41'),
(91, '2025/2026', 45, 74, '2026-04-19 16:21:41', '2026-04-19 16:21:41'),
(92, '2025/2026', 46, 79, '2026-04-19 16:21:41', '2026-04-19 16:21:41'),
(93, '2025/2026', 47, 72, '2026-04-19 16:21:41', '2026-04-19 16:21:41'),
(94, '2025/2026', 48, 88, '2026-04-19 16:21:41', '2026-04-19 16:21:41'),
(95, '2025/2026', 83, 97, '2026-04-19 16:21:41', '2026-04-19 16:21:41'),
(96, '2025/2026', 84, 111, '2026-04-19 16:21:41', '2026-04-19 16:21:41'),
(97, '2025/2026', 85, 95, '2026-04-19 16:21:41', '2026-04-19 16:21:41'),
(98, '2025/2026', 86, 124, '2026-04-19 16:21:41', '2026-04-19 16:21:41'),
(99, '2025/2026', 87, 115, '2026-04-19 16:21:41', '2026-04-19 16:21:41'),
(100, '2025/2026', 88, 102, '2026-04-19 16:21:41', '2026-04-19 16:21:41'),
(101, '2025/2026', 89, 101, '2026-04-19 16:21:41', '2026-04-19 16:21:41'),
(102, '2025/2026', 83, 112, '2026-04-19 16:21:41', '2026-04-19 16:21:41'),
(103, '2025/2026', 84, 106, '2026-04-19 16:21:41', '2026-04-19 16:21:41'),
(104, '2025/2026', 85, 103, '2026-04-19 16:21:41', '2026-04-19 16:21:41'),
(105, '2025/2026', 86, 99, '2026-04-19 16:21:41', '2026-04-19 16:21:41'),
(106, '2025/2026', 87, 113, '2026-04-19 16:21:41', '2026-04-19 16:21:41'),
(107, '2025/2026', 88, 123, '2026-04-19 16:21:41', '2026-04-19 16:21:41'),
(108, '2025/2026', 89, 122, '2026-04-19 16:21:41', '2026-04-19 16:21:41'),
(109, '2025/2026', 83, 105, '2026-04-19 16:21:41', '2026-04-19 16:21:41'),
(110, '2025/2026', 84, 116, '2026-04-19 16:21:41', '2026-04-19 16:21:41'),
(111, '2025/2026', 85, 117, '2026-04-19 16:21:41', '2026-04-19 16:21:41'),
(112, '2025/2026', 86, 120, '2026-04-19 16:21:41', '2026-04-19 16:21:41'),
(113, '2025/2026', 87, 125, '2026-04-19 16:21:41', '2026-04-19 16:21:41'),
(114, '2025/2026', 88, 109, '2026-04-19 16:21:41', '2026-04-19 16:21:41'),
(115, '2025/2026', 89, 104, '2026-04-19 16:21:41', '2026-04-19 16:21:41'),
(116, '2025/2026', 83, 96, '2026-04-19 16:21:41', '2026-04-19 16:21:41'),
(117, '2025/2026', 84, 119, '2026-04-19 16:21:41', '2026-04-19 16:21:41'),
(118, '2025/2026', 85, 108, '2026-04-19 16:21:41', '2026-04-19 16:21:41'),
(119, '2025/2026', 86, 121, '2026-04-19 16:21:41', '2026-04-19 16:21:41'),
(120, '2025/2026', 87, 114, '2026-04-19 16:21:41', '2026-04-19 16:21:41'),
(121, '2025/2026', 88, 98, '2026-04-19 16:21:41', '2026-04-19 16:21:41'),
(122, '2025/2026', 89, 100, '2026-04-19 16:21:41', '2026-04-19 16:21:41'),
(123, '2025/2026', 83, 110, '2026-04-19 16:21:41', '2026-04-19 16:21:41'),
(124, '2025/2026', 84, 107, '2026-04-19 16:21:41', '2026-04-19 16:21:41'),
(125, '2025/2026', 85, 118, '2026-04-19 16:21:41', '2026-04-19 16:21:41'),
(126, '2025/2026', 121, 143, '2026-04-19 16:21:41', '2026-04-19 16:21:41'),
(127, '2025/2026', 122, 126, '2026-04-19 16:21:41', '2026-04-19 16:21:41'),
(128, '2025/2026', 123, 135, '2026-04-19 16:21:41', '2026-04-19 16:21:41'),
(129, '2025/2026', 124, 132, '2026-04-19 16:21:41', '2026-04-19 16:21:41'),
(130, '2025/2026', 125, 130, '2026-04-19 16:21:41', '2026-04-19 16:21:41'),
(131, '2025/2026', 126, 128, '2026-04-19 16:21:41', '2026-04-19 16:21:41'),
(132, '2025/2026', 127, 155, '2026-04-19 16:21:41', '2026-04-19 16:21:41'),
(133, '2025/2026', 121, 139, '2026-04-19 16:21:41', '2026-04-19 16:21:41'),
(134, '2025/2026', 122, 146, '2026-04-19 16:21:41', '2026-04-19 16:21:41'),
(135, '2025/2026', 123, 144, '2026-04-19 16:21:41', '2026-04-19 16:21:41'),
(136, '2025/2026', 124, 129, '2026-04-19 16:21:41', '2026-04-19 16:21:41'),
(137, '2025/2026', 125, 138, '2026-04-19 16:21:41', '2026-04-19 16:21:41'),
(138, '2025/2026', 126, 148, '2026-04-19 16:21:41', '2026-04-19 16:21:41'),
(139, '2025/2026', 127, 141, '2026-04-19 16:21:41', '2026-04-19 16:21:41'),
(140, '2025/2026', 121, 151, '2026-04-19 16:21:41', '2026-04-19 16:21:41'),
(141, '2025/2026', 122, 136, '2026-04-19 16:21:41', '2026-04-19 16:21:41'),
(142, '2025/2026', 123, 154, '2026-04-19 16:21:41', '2026-04-19 16:21:41'),
(143, '2025/2026', 124, 149, '2026-04-19 16:21:41', '2026-04-19 16:21:41'),
(144, '2025/2026', 125, 134, '2026-04-19 16:21:41', '2026-04-19 16:21:41'),
(145, '2025/2026', 126, 137, '2026-04-19 16:21:41', '2026-04-19 16:21:41'),
(146, '2025/2026', 127, 133, '2026-04-19 16:21:41', '2026-04-19 16:21:41'),
(147, '2025/2026', 121, 140, '2026-04-19 16:21:41', '2026-04-19 16:21:41'),
(148, '2025/2026', 122, 150, '2026-04-19 16:21:41', '2026-04-19 16:21:41'),
(149, '2025/2026', 123, 156, '2026-04-19 16:21:41', '2026-04-19 16:21:41'),
(150, '2025/2026', 124, 153, '2026-04-19 16:21:41', '2026-04-19 16:21:41'),
(151, '2025/2026', 125, 147, '2026-04-19 16:21:41', '2026-04-19 16:21:41'),
(152, '2025/2026', 126, 142, '2026-04-19 16:21:41', '2026-04-19 16:21:41'),
(153, '2025/2026', 127, 131, '2026-04-19 16:21:41', '2026-04-19 16:21:41'),
(154, '2025/2026', 121, 152, '2026-04-19 16:21:41', '2026-04-19 16:21:41'),
(155, '2025/2026', 122, 145, '2026-04-19 16:21:41', '2026-04-19 16:21:41'),
(156, '2025/2026', 123, 127, '2026-04-19 16:21:41', '2026-04-19 16:21:41'),
(157, '2025/2026', 159, 159, '2026-04-19 16:21:41', '2026-04-19 16:21:41'),
(158, '2025/2026', 160, 171, '2026-04-19 16:21:41', '2026-04-19 16:21:41'),
(159, '2025/2026', 161, 162, '2026-04-19 16:21:41', '2026-04-19 16:21:41'),
(160, '2025/2026', 162, 178, '2026-04-19 16:21:41', '2026-04-19 16:21:41'),
(161, '2025/2026', 163, 181, '2026-04-19 16:21:41', '2026-04-19 16:21:41'),
(162, '2025/2026', 164, 172, '2026-04-19 16:21:41', '2026-04-19 16:21:41'),
(163, '2025/2026', 165, 170, '2026-04-19 16:21:41', '2026-04-19 16:21:41'),
(164, '2025/2026', 159, 174, '2026-04-19 16:21:41', '2026-04-19 16:21:41'),
(165, '2025/2026', 160, 185, '2026-04-19 16:21:41', '2026-04-19 16:21:41'),
(166, '2025/2026', 161, 167, '2026-04-19 16:21:41', '2026-04-19 16:21:41'),
(167, '2025/2026', 162, 176, '2026-04-19 16:21:41', '2026-04-19 16:21:41'),
(168, '2025/2026', 163, 168, '2026-04-19 16:21:41', '2026-04-19 16:21:41'),
(169, '2025/2026', 164, 179, '2026-04-19 16:21:41', '2026-04-19 16:21:41'),
(170, '2025/2026', 165, 183, '2026-04-19 16:21:41', '2026-04-19 16:21:41'),
(171, '2025/2026', 159, 163, '2026-04-19 16:21:41', '2026-04-19 16:21:41'),
(172, '2025/2026', 160, 184, '2026-04-19 16:21:41', '2026-04-19 16:21:41'),
(173, '2025/2026', 161, 164, '2026-04-19 16:21:41', '2026-04-19 16:21:41'),
(174, '2025/2026', 162, 175, '2026-04-19 16:21:41', '2026-04-19 16:21:41'),
(175, '2025/2026', 163, 173, '2026-04-19 16:21:41', '2026-04-19 16:21:41'),
(176, '2025/2026', 164, 180, '2026-04-19 16:21:41', '2026-04-19 16:21:41'),
(177, '2025/2026', 165, 182, '2026-04-19 16:21:41', '2026-04-19 16:21:41'),
(178, '2025/2026', 159, 161, '2026-04-19 16:21:41', '2026-04-19 16:21:41'),
(179, '2025/2026', 160, 177, '2026-04-19 16:21:41', '2026-04-19 16:21:41'),
(180, '2025/2026', 161, 165, '2026-04-19 16:21:41', '2026-04-19 16:21:41'),
(181, '2025/2026', 162, 169, '2026-04-19 16:21:41', '2026-04-19 16:21:41'),
(182, '2025/2026', 163, 158, '2026-04-19 16:21:41', '2026-04-19 16:21:41'),
(183, '2025/2026', 164, 166, '2026-04-19 16:21:41', '2026-04-19 16:21:41'),
(184, '2025/2026', 165, 157, '2026-04-19 16:21:41', '2026-04-19 16:21:41'),
(185, '2025/2026', 159, 160, '2026-04-19 16:21:41', '2026-04-19 16:21:41'),
(186, '2025/2026', 197, 196, '2026-04-19 16:21:41', '2026-04-19 16:21:41'),
(187, '2025/2026', 198, 199, '2026-04-19 16:21:41', '2026-04-19 16:21:41'),
(188, '2025/2026', 199, 197, '2026-04-19 16:21:41', '2026-04-19 16:21:41'),
(189, '2025/2026', 200, 195, '2026-04-19 16:21:41', '2026-04-19 16:21:41'),
(190, '2025/2026', 201, 192, '2026-04-19 16:21:41', '2026-04-19 16:21:41'),
(191, '2025/2026', 202, 187, '2026-04-19 16:21:41', '2026-04-19 16:21:41'),
(192, '2025/2026', 203, 198, '2026-04-19 16:21:41', '2026-04-19 16:21:41'),
(193, '2025/2026', 197, 211, '2026-04-19 16:21:41', '2026-04-19 16:21:41'),
(194, '2025/2026', 198, 207, '2026-04-19 16:21:41', '2026-04-19 16:21:41'),
(195, '2025/2026', 199, 186, '2026-04-19 16:21:41', '2026-04-19 16:21:41'),
(196, '2025/2026', 200, 205, '2026-04-19 16:21:41', '2026-04-19 16:21:41'),
(197, '2025/2026', 201, 214, '2026-04-19 16:21:41', '2026-04-19 16:21:41'),
(198, '2025/2026', 202, 193, '2026-04-19 16:21:41', '2026-04-19 16:21:41'),
(199, '2025/2026', 203, 213, '2026-04-19 16:21:41', '2026-04-19 16:21:41'),
(200, '2025/2026', 197, 209, '2026-04-19 16:21:41', '2026-04-19 16:21:41'),
(201, '2025/2026', 198, 208, '2026-04-19 16:21:41', '2026-04-19 16:21:41'),
(202, '2025/2026', 199, 210, '2026-04-19 16:21:41', '2026-04-19 16:21:41'),
(203, '2025/2026', 200, 203, '2026-04-19 16:21:41', '2026-04-19 16:21:41'),
(204, '2025/2026', 201, 190, '2026-04-19 16:21:41', '2026-04-19 16:21:41'),
(205, '2025/2026', 202, 202, '2026-04-19 16:21:41', '2026-04-19 16:21:41'),
(206, '2025/2026', 203, 189, '2026-04-19 16:21:41', '2026-04-19 16:21:41'),
(207, '2025/2026', 197, 212, '2026-04-19 16:21:41', '2026-04-19 16:21:41'),
(208, '2025/2026', 198, 191, '2026-04-19 16:21:41', '2026-04-19 16:21:41'),
(209, '2025/2026', 199, 194, '2026-04-19 16:21:41', '2026-04-19 16:21:41'),
(210, '2025/2026', 200, 188, '2026-04-19 16:21:41', '2026-04-19 16:21:41'),
(211, '2025/2026', 201, 206, '2026-04-19 16:21:41', '2026-04-19 16:21:41'),
(212, '2025/2026', 202, 200, '2026-04-19 16:21:41', '2026-04-19 16:21:41'),
(213, '2025/2026', 203, 204, '2026-04-19 16:21:41', '2026-04-19 16:21:41'),
(214, '2025/2026', 197, 201, '2026-04-19 16:21:41', '2026-04-19 16:21:41');

-- --------------------------------------------------------

--
-- Table structure for table `password_reset_tokens`
--

CREATE TABLE `password_reset_tokens` (
  `email` varchar(255) NOT NULL,
  `token` varchar(255) NOT NULL,
  `created_at` timestamp NULL DEFAULT NULL
) ENGINE=InnoDB DEFAULT CHARSET=utf8mb4 COLLATE=utf8mb4_unicode_ci;

-- --------------------------------------------------------

--
-- Table structure for table `programs`
--

CREATE TABLE `programs` (
  `id` bigint(20) UNSIGNED NOT NULL,
  `program_name` varchar(255) NOT NULL,
  `department_id` bigint(20) UNSIGNED NOT NULL,
  `created_at` timestamp NULL DEFAULT NULL,
  `updated_at` timestamp NULL DEFAULT NULL
) ENGINE=InnoDB DEFAULT CHARSET=utf8mb4 COLLATE=utf8mb4_unicode_ci;

--
-- Dumping data for table `programs`
--

INSERT INTO `programs` (`id`, `program_name`, `department_id`, `created_at`, `updated_at`) VALUES
(1, 'Multimedia Technology', 1, '2026-04-19 16:20:09', '2026-04-19 16:20:09'),
(2, 'Cyber Security', 1, '2026-04-19 16:20:09', '2026-04-19 16:20:09'),
(3, 'Information Technology', 1, '2026-04-19 16:20:09', '2026-04-19 16:20:09'),
(4, 'Computer Science', 1, '2026-04-19 16:20:09', '2026-04-19 16:20:09'),
(5, 'Software Engineering', 1, '2026-04-19 16:20:09', '2026-04-19 16:20:09'),
(6, 'Diploma in Business Management', 2, '2026-04-19 16:20:09', '2026-04-19 16:20:09'),
(7, 'Accounting and Finance', 2, '2026-04-19 16:20:09', '2026-04-19 16:20:09'),
(8, 'Procurement and Supply Chain', 2, '2026-04-19 16:20:09', '2026-04-19 16:20:09'),
(9, 'Human Resource Management', 2, '2026-04-19 16:20:09', '2026-04-19 16:20:09'),
(10, 'Marketing Management', 2, '2026-04-19 16:20:09', '2026-04-19 16:20:09'),
(11, 'Civil Engineering Technology', 3, '2026-04-19 16:20:09', '2026-04-19 16:20:09'),
(12, 'Construction Management', 3, '2026-04-19 16:20:09', '2026-04-19 16:20:09'),
(13, 'Building Technology', 3, '2026-04-19 16:20:09', '2026-04-19 16:20:09'),
(14, 'Structural Engineering', 3, '2026-04-19 16:20:09', '2026-04-19 16:20:09'),
(15, 'Land Surveying', 3, '2026-04-19 16:20:09', '2026-04-19 16:20:09'),
(16, 'Electrical Engineering Technology', 4, '2026-04-19 16:20:09', '2026-04-19 16:20:09'),
(17, 'Electronics and Telecommunication', 4, '2026-04-19 16:20:09', '2026-04-19 16:20:09'),
(18, 'Power Engineering', 4, '2026-04-19 16:20:09', '2026-04-19 16:20:09'),
(19, 'Instrumentation and Control', 4, '2026-04-19 16:20:09', '2026-04-19 16:20:09'),
(20, 'Renewable Energy Technology', 4, '2026-04-19 16:20:09', '2026-04-19 16:20:09'),
(21, 'Mechanical Engineering Technology', 5, '2026-04-19 16:20:09', '2026-04-19 16:20:09'),
(22, 'Industrial Maintenance', 5, '2026-04-19 16:20:09', '2026-04-19 16:20:09'),
(23, 'Production Engineering', 5, '2026-04-19 16:20:09', '2026-04-19 16:20:09'),
(24, 'Welding and Fabrication', 5, '2026-04-19 16:20:09', '2026-04-19 16:20:09'),
(25, 'HVAC Technology', 5, '2026-04-19 16:20:09', '2026-04-19 16:20:09'),
(26, 'Automotive Engineering Technology', 6, '2026-04-19 16:20:09', '2026-04-19 16:20:09'),
(27, 'Automotive Maintenance', 6, '2026-04-19 16:20:09', '2026-04-19 16:20:09'),
(28, 'Vehicle Body Repair', 6, '2026-04-19 16:20:09', '2026-04-19 16:20:09'),
(29, 'Diesel Plant Mechanics', 6, '2026-04-19 16:20:09', '2026-04-19 16:20:09'),
(30, 'Hybrid and Electric Vehicles', 6, '2026-04-19 16:20:09', '2026-04-19 16:20:09');

-- --------------------------------------------------------

--
-- Table structure for table `roles`
--

CREATE TABLE `roles` (
  `id` bigint(20) UNSIGNED NOT NULL,
  `name` varchar(255) NOT NULL,
  `created_at` timestamp NULL DEFAULT NULL,
  `updated_at` timestamp NULL DEFAULT NULL
) ENGINE=InnoDB DEFAULT CHARSET=utf8mb4 COLLATE=utf8mb4_unicode_ci;

--
-- Dumping data for table `roles`
--

INSERT INTO `roles` (`id`, `name`, `created_at`, `updated_at`) VALUES
(1, 'student', '2026-04-19 16:20:08', '2026-04-19 16:20:08'),
(2, 'lecturer', '2026-04-19 16:20:08', '2026-04-19 16:20:08'),
(3, 'HOD', '2026-04-19 16:20:08', '2026-04-19 16:20:08'),
(4, 'registrar', '2026-04-19 16:20:08', '2026-04-19 16:20:08'),
(5, 'examination_officer', '2026-04-19 16:20:08', '2026-04-19 16:20:08'),
(6, 'quality_assurance', '2026-04-19 16:20:08', '2026-04-19 16:20:08'),
(7, 'director_academic', '2026-04-19 16:20:08', '2026-04-19 16:20:08'),
(8, 'rector', '2026-04-19 16:20:08', '2026-04-19 16:20:08');

-- --------------------------------------------------------

--
-- Table structure for table `sessions`
--

CREATE TABLE `sessions` (
  `id` varchar(255) NOT NULL,
  `user_id` bigint(20) UNSIGNED DEFAULT NULL,
  `ip_address` varchar(45) DEFAULT NULL,
  `user_agent` text DEFAULT NULL,
  `payload` longtext NOT NULL,
  `last_activity` int(11) NOT NULL
) ENGINE=InnoDB DEFAULT CHARSET=utf8mb4 COLLATE=utf8mb4_unicode_ci;

-- --------------------------------------------------------

--
-- Table structure for table `students`
--

CREATE TABLE `students` (
  `id` bigint(20) UNSIGNED NOT NULL,
  `student_name` varchar(255) NOT NULL,
  `admin_number` varchar(255) DEFAULT NULL,
  `intake` year(4) NOT NULL,
  `user_id` bigint(20) UNSIGNED NOT NULL,
  `program_id` bigint(20) UNSIGNED NOT NULL,
  `fingerprint_id` tinyint(3) UNSIGNED DEFAULT NULL,
  `created_at` timestamp NULL DEFAULT NULL,
  `updated_at` timestamp NULL DEFAULT NULL
) ENGINE=InnoDB DEFAULT CHARSET=utf8mb4 COLLATE=utf8mb4_unicode_ci;

--
-- Dumping data for table `students`
--

INSERT INTO `students` (`id`, `student_name`, `admin_number`, `intake`, `user_id`, `program_id`, `fingerprint_id`, `created_at`, `updated_at`) VALUES
(1, 'Janet Lema', NULL, '2024', 14, 1, NULL, '2026-04-19 16:21:39', '2026-04-19 16:21:39'),
(2, 'Victor Mkude', NULL, '2024', 15, 1, NULL, '2026-04-19 16:21:39', '2026-04-19 16:21:39'),
(3, 'Quentin Mlay', NULL, '2023', 16, 1, NULL, '2026-04-19 16:21:39', '2026-04-19 16:21:39'),
(4, 'Edwin Mchome', '2024147', '2025', 17, 1, NULL, '2026-04-19 16:21:39', '2026-04-19 16:21:39'),
(5, 'Fadhili Mchome', NULL, '2026', 18, 1, NULL, '2026-04-19 16:21:39', '2026-04-19 16:21:39'),
(6, 'Yusuf Temba', NULL, '2024', 19, 1, NULL, '2026-04-19 16:21:39', '2026-04-19 16:21:39'),
(7, 'Grace Mwangi', NULL, '2024', 20, 2, NULL, '2026-04-19 16:21:39', '2026-04-19 16:21:39'),
(8, 'Hassan Mwanga', NULL, '2023', 21, 2, NULL, '2026-04-19 16:21:39', '2026-04-19 16:21:39'),
(9, 'Esther Kimaro', NULL, '2024', 22, 2, NULL, '2026-04-19 16:21:39', '2026-04-19 16:21:39'),
(10, 'Daudi Hassan', NULL, '2026', 23, 2, NULL, '2026-04-19 16:21:39', '2026-04-19 16:21:39'),
(11, 'Kalunde Ndungu', NULL, '2026', 24, 2, NULL, '2026-04-19 16:21:39', '2026-04-19 16:21:39'),
(12, 'Priscilla Mwanga', NULL, '2023', 25, 2, NULL, '2026-04-19 16:21:39', '2026-04-19 16:21:39'),
(13, 'Jabir Achieng', NULL, '2026', 26, 3, NULL, '2026-04-19 16:21:39', '2026-04-19 16:21:39'),
(14, 'Edwin Omari', NULL, '2026', 27, 3, NULL, '2026-04-19 16:21:39', '2026-04-19 16:21:39'),
(15, 'Wanjiku Wambua', NULL, '2023', 28, 3, NULL, '2026-04-19 16:21:39', '2026-04-19 16:21:39'),
(16, 'Esther Mchome', NULL, '2023', 29, 3, NULL, '2026-04-19 16:21:39', '2026-04-19 16:21:39'),
(17, 'Diana Ndungu', '2024149', '2025', 30, 3, NULL, '2026-04-19 16:21:39', '2026-04-19 16:21:39'),
(18, 'Latifa Mwakitwange', NULL, '2024', 31, 3, NULL, '2026-04-19 16:21:39', '2026-04-19 16:21:39'),
(19, 'Ahmed Omari', NULL, '2023', 32, 4, NULL, '2026-04-19 16:21:39', '2026-04-19 16:21:39'),
(20, 'Fadhili Mtui', NULL, '2023', 33, 4, NULL, '2026-04-19 16:21:39', '2026-04-19 16:21:39'),
(21, 'Diana Nyerere', NULL, '2026', 34, 4, NULL, '2026-04-19 16:21:39', '2026-04-19 16:21:39'),
(22, 'Latifa Ngowi', NULL, '2026', 35, 4, NULL, '2026-04-19 16:21:39', '2026-04-19 16:21:39'),
(23, 'Grace Kimaro', NULL, '2023', 36, 4, NULL, '2026-04-19 16:21:39', '2026-04-19 16:21:39'),
(24, 'Rahel Mtaani', NULL, '2025', 37, 4, NULL, '2026-04-19 16:21:39', '2026-04-19 16:21:39'),
(25, 'Celestina Nchimbi', NULL, '2024', 38, 5, NULL, '2026-04-19 16:21:39', '2026-04-19 16:21:39'),
(26, 'Musa Makundi', NULL, '2025', 39, 5, NULL, '2026-04-19 16:21:39', '2026-04-19 16:21:39'),
(27, 'Zawadi Lema', NULL, '2026', 40, 5, NULL, '2026-04-19 16:21:39', '2026-04-19 16:21:39'),
(28, 'Fadhili Lema', NULL, '2026', 41, 5, NULL, '2026-04-19 16:21:39', '2026-04-19 16:21:39'),
(29, 'Victor Ally', NULL, '2026', 42, 5, NULL, '2026-04-19 16:21:39', '2026-04-19 16:21:39'),
(30, 'Rahel Makundi', NULL, '2023', 43, 5, NULL, '2026-04-19 16:21:39', '2026-04-19 16:21:39'),
(31, 'Penina Temba', NULL, '2023', 52, 6, NULL, '2026-04-19 16:21:39', '2026-04-19 16:21:39'),
(32, 'Penina Ndonde', NULL, '2023', 53, 6, NULL, '2026-04-19 16:21:39', '2026-04-19 16:21:39'),
(33, 'Stella Kimani', NULL, '2023', 54, 6, NULL, '2026-04-19 16:21:39', '2026-04-19 16:21:39'),
(34, 'Diana Mtaani', NULL, '2024', 55, 6, NULL, '2026-04-19 16:21:39', '2026-04-19 16:21:39'),
(35, 'Fadhili Mwita', NULL, '2025', 56, 6, NULL, '2026-04-19 16:21:39', '2026-04-19 16:21:39'),
(36, 'Hannah Lema', NULL, '2026', 57, 6, NULL, '2026-04-19 16:21:39', '2026-04-19 16:21:39'),
(37, 'Xolani Lukas', NULL, '2026', 58, 7, NULL, '2026-04-19 16:21:39', '2026-04-19 16:21:39'),
(38, 'Winnie Mwema', NULL, '2026', 59, 7, NULL, '2026-04-19 16:21:39', '2026-04-19 16:21:39'),
(39, 'Martin Temba', NULL, '2024', 60, 7, NULL, '2026-04-19 16:21:39', '2026-04-19 16:21:39'),
(40, 'Wanjiku Ndonde', NULL, '2025', 61, 7, NULL, '2026-04-19 16:21:39', '2026-04-19 16:21:39'),
(41, 'Priscilla Temba', NULL, '2025', 62, 7, NULL, '2026-04-19 16:21:39', '2026-04-19 16:21:39'),
(42, 'Martin Rashid', NULL, '2026', 63, 7, NULL, '2026-04-19 16:21:39', '2026-04-19 16:21:39'),
(43, 'Tumaini Makundi', NULL, '2025', 64, 8, NULL, '2026-04-19 16:21:39', '2026-04-19 16:21:39'),
(44, 'Fadhili Okonkwo', NULL, '2023', 65, 8, NULL, '2026-04-19 16:21:39', '2026-04-19 16:21:39'),
(45, 'Priscilla Omari', NULL, '2025', 66, 8, NULL, '2026-04-19 16:21:39', '2026-04-19 16:21:39'),
(46, 'Martin Komba', NULL, '2026', 67, 8, NULL, '2026-04-19 16:21:39', '2026-04-19 16:21:39'),
(47, 'Ibrahim Kimaro', NULL, '2026', 68, 8, NULL, '2026-04-19 16:21:39', '2026-04-19 16:21:39'),
(48, 'Daudi Komba', NULL, '2023', 69, 8, NULL, '2026-04-19 16:21:39', '2026-04-19 16:21:39'),
(49, 'Zawadi Kishimba', NULL, '2026', 70, 9, NULL, '2026-04-19 16:21:39', '2026-04-19 16:21:39'),
(50, 'Vincent Rashid', NULL, '2026', 71, 9, NULL, '2026-04-19 16:21:39', '2026-04-19 16:21:39'),
(51, 'Celestina Ndungu', NULL, '2024', 72, 9, NULL, '2026-04-19 16:21:39', '2026-04-19 16:21:39'),
(52, 'Janet Kishimba', NULL, '2026', 73, 9, NULL, '2026-04-19 16:21:39', '2026-04-19 16:21:39'),
(53, 'Carlos Juma', NULL, '2025', 74, 9, NULL, '2026-04-19 16:21:39', '2026-04-19 16:21:39'),
(54, 'Hassan Kimani', NULL, '2025', 75, 9, NULL, '2026-04-19 16:21:39', '2026-04-19 16:21:39'),
(55, 'Nadia Juma', NULL, '2025', 76, 10, NULL, '2026-04-19 16:21:39', '2026-04-19 16:21:39'),
(56, 'Penina Lukas', NULL, '2023', 77, 10, NULL, '2026-04-19 16:21:39', '2026-04-19 16:21:39'),
(57, 'Oscar Ndonde', NULL, '2026', 78, 10, NULL, '2026-04-19 16:21:39', '2026-04-19 16:21:39'),
(58, 'Stella Mushi', NULL, '2025', 79, 10, NULL, '2026-04-19 16:21:39', '2026-04-19 16:21:39'),
(59, 'Ibrahim Mtaani', NULL, '2026', 80, 10, NULL, '2026-04-19 16:21:39', '2026-04-19 16:21:39'),
(60, 'Martin Wambua', NULL, '2024', 81, 10, NULL, '2026-04-19 16:21:39', '2026-04-19 16:21:39'),
(61, 'Kevin Mushi', NULL, '2025', 90, 11, NULL, '2026-04-19 16:21:39', '2026-04-19 16:21:39'),
(62, 'Upendo Lema', NULL, '2026', 91, 11, NULL, '2026-04-19 16:21:39', '2026-04-19 16:21:39'),
(63, 'Bakari Njau', NULL, '2025', 92, 11, NULL, '2026-04-19 16:21:39', '2026-04-19 16:21:39'),
(64, 'Nadia Mkude', NULL, '2025', 93, 11, NULL, '2026-04-19 16:21:39', '2026-04-19 16:21:39'),
(65, 'Bakari Omari', NULL, '2023', 94, 11, NULL, '2026-04-19 16:21:39', '2026-04-19 16:21:39'),
(66, 'Grace Lema', NULL, '2025', 95, 11, NULL, '2026-04-19 16:21:39', '2026-04-19 16:21:39'),
(67, 'Yusuf Hamisi', NULL, '2026', 96, 12, NULL, '2026-04-19 16:21:39', '2026-04-19 16:21:39'),
(68, 'Florence Mlay', NULL, '2026', 97, 12, NULL, '2026-04-19 16:21:39', '2026-04-19 16:21:39'),
(69, 'Beatrice Mkude', NULL, '2026', 98, 12, NULL, '2026-04-19 16:21:39', '2026-04-19 16:21:39'),
(70, 'Lucy Mtui', NULL, '2025', 99, 12, NULL, '2026-04-19 16:21:39', '2026-04-19 16:21:39'),
(71, 'Rashid Omari', NULL, '2026', 100, 12, NULL, '2026-04-19 16:21:39', '2026-04-19 16:21:39'),
(72, 'Zawadi Mwita', NULL, '2026', 101, 12, NULL, '2026-04-19 16:21:39', '2026-04-19 16:21:39'),
(73, 'Winnie Mushi', NULL, '2023', 102, 13, NULL, '2026-04-19 16:21:39', '2026-04-19 16:21:39'),
(74, 'Rashid Mwangi', NULL, '2026', 103, 13, NULL, '2026-04-19 16:21:39', '2026-04-19 16:21:39'),
(75, 'Amina Ngowi', NULL, '2023', 104, 13, NULL, '2026-04-19 16:21:39', '2026-04-19 16:21:39'),
(76, 'Teddy Ndonde', NULL, '2023', 105, 13, NULL, '2026-04-19 16:21:39', '2026-04-19 16:21:39'),
(77, 'Zawadi Ndonde', NULL, '2023', 106, 13, NULL, '2026-04-19 16:21:39', '2026-04-19 16:21:39'),
(78, 'Penina Okonkwo', NULL, '2024', 107, 13, NULL, '2026-04-19 16:21:39', '2026-04-19 16:21:39'),
(79, 'Martin Mushi', NULL, '2024', 108, 14, NULL, '2026-04-19 16:21:39', '2026-04-19 16:21:39'),
(80, 'Martin Hassan', NULL, '2024', 109, 14, NULL, '2026-04-19 16:21:39', '2026-04-19 16:21:39'),
(81, 'Zawadi Hassan', NULL, '2024', 110, 14, NULL, '2026-04-19 16:21:39', '2026-04-19 16:21:39'),
(82, 'Kevin Temba', NULL, '2026', 111, 14, NULL, '2026-04-19 16:21:39', '2026-04-19 16:21:39'),
(83, 'Irene Rashid', NULL, '2024', 112, 14, NULL, '2026-04-19 16:21:39', '2026-04-19 16:21:39'),
(84, 'Lucy Makundi', NULL, '2026', 113, 14, NULL, '2026-04-19 16:21:39', '2026-04-19 16:21:39'),
(85, 'Daudi Wambua', NULL, '2026', 114, 15, NULL, '2026-04-19 16:21:39', '2026-04-19 16:21:39'),
(86, 'Tumaini Mchome', NULL, '2025', 115, 15, NULL, '2026-04-19 16:21:39', '2026-04-19 16:21:39'),
(87, 'Winnie Mwita', NULL, '2024', 116, 15, NULL, '2026-04-19 16:21:39', '2026-04-19 16:21:39'),
(88, 'Wanjiku Hassan', NULL, '2024', 117, 15, NULL, '2026-04-19 16:21:39', '2026-04-19 16:21:39'),
(89, 'Musa Mkude', NULL, '2026', 118, 15, NULL, '2026-04-19 16:21:39', '2026-04-19 16:21:39'),
(90, 'Stella Mwita', NULL, '2023', 119, 15, NULL, '2026-04-19 16:21:39', '2026-04-19 16:21:39'),
(91, 'Diana Kimani', NULL, '2024', 128, 16, NULL, '2026-04-19 16:21:39', '2026-04-19 16:21:39'),
(92, 'Kalunde Ally', NULL, '2023', 129, 16, NULL, '2026-04-19 16:21:39', '2026-04-19 16:21:39'),
(93, 'Nadia Mwema', NULL, '2026', 130, 16, NULL, '2026-04-19 16:21:39', '2026-04-19 16:21:39'),
(94, 'Kevin Makundi', NULL, '2023', 131, 16, NULL, '2026-04-19 16:21:39', '2026-04-19 16:21:39'),
(95, 'Rashid Nyerere', NULL, '2023', 132, 16, NULL, '2026-04-19 16:21:39', '2026-04-19 16:21:39'),
(96, 'Winnie Makundi', NULL, '2023', 133, 16, NULL, '2026-04-19 16:21:39', '2026-04-19 16:21:39'),
(97, 'Rahel Mwita', NULL, '2023', 134, 17, NULL, '2026-04-19 16:21:39', '2026-04-19 16:21:39'),
(98, 'Ummi Mchome', NULL, '2023', 135, 17, NULL, '2026-04-19 16:21:39', '2026-04-19 16:21:39'),
(99, 'Daudi Mwakitwange', NULL, '2025', 136, 17, NULL, '2026-04-19 16:21:39', '2026-04-19 16:21:39'),
(100, 'Wanjiku Kishimba', NULL, '2023', 137, 17, NULL, '2026-04-19 16:21:39', '2026-04-19 16:21:39'),
(101, 'Janet Okonkwo', NULL, '2024', 138, 17, NULL, '2026-04-19 16:21:39', '2026-04-19 16:21:39'),
(102, 'Ibrahim Mchome', NULL, '2026', 139, 17, NULL, '2026-04-19 16:21:39', '2026-04-19 16:21:39'),
(103, 'Kevin Mtanga', NULL, '2026', 140, 18, NULL, '2026-04-19 16:21:39', '2026-04-19 16:21:39'),
(104, 'Oscar Mwita', NULL, '2023', 141, 18, NULL, '2026-04-19 16:21:39', '2026-04-19 16:21:39'),
(105, 'Amina Kishimba', NULL, '2026', 142, 18, NULL, '2026-04-19 16:21:39', '2026-04-19 16:21:39'),
(106, 'Jabir Mwita', NULL, '2024', 143, 18, NULL, '2026-04-19 16:21:39', '2026-04-19 16:21:39'),
(107, 'Jabir Kimaro', NULL, '2025', 144, 18, NULL, '2026-04-19 16:21:39', '2026-04-19 16:21:39'),
(108, 'Beatrice Lema', NULL, '2025', 145, 18, NULL, '2026-04-19 16:21:39', '2026-04-19 16:21:39'),
(109, 'Celestina Achieng', NULL, '2025', 146, 19, NULL, '2026-04-19 16:21:39', '2026-04-19 16:21:39'),
(110, 'Celestina Ndungu', NULL, '2023', 147, 19, NULL, '2026-04-19 16:21:39', '2026-04-19 16:21:39'),
(111, 'Rahel Lukas', NULL, '2024', 148, 19, NULL, '2026-04-19 16:21:39', '2026-04-19 16:21:39'),
(112, 'Stella Kimaro', NULL, '2024', 149, 19, NULL, '2026-04-19 16:21:39', '2026-04-19 16:21:39'),
(113, 'Daudi Mwangi', NULL, '2026', 150, 19, NULL, '2026-04-19 16:21:39', '2026-04-19 16:21:39'),
(114, 'Lucy Temba', NULL, '2024', 151, 19, NULL, '2026-04-19 16:21:39', '2026-04-19 16:21:39'),
(115, 'Jabir Mwanga', NULL, '2023', 152, 20, NULL, '2026-04-19 16:21:39', '2026-04-19 16:21:39'),
(116, 'Zawadi Makundi', NULL, '2026', 153, 20, NULL, '2026-04-19 16:21:39', '2026-04-19 16:21:39'),
(117, 'Neema Mwita', NULL, '2026', 154, 20, NULL, '2026-04-19 16:21:39', '2026-04-19 16:21:39'),
(118, 'Janet Komba', NULL, '2023', 155, 20, NULL, '2026-04-19 16:21:39', '2026-04-19 16:21:39'),
(119, 'Fadhili Ngowi', NULL, '2025', 156, 20, NULL, '2026-04-19 16:21:39', '2026-04-19 16:21:39'),
(120, 'Ahmed Mganga', NULL, '2023', 157, 20, NULL, '2026-04-19 16:21:39', '2026-04-19 16:21:39'),
(121, 'Diana Mganga', NULL, '2023', 166, 21, NULL, '2026-04-19 16:21:39', '2026-04-19 16:21:39'),
(122, 'Daudi Okonkwo', NULL, '2025', 167, 21, NULL, '2026-04-19 16:21:39', '2026-04-19 16:21:39'),
(123, 'Ahmed Mwita', NULL, '2023', 168, 21, NULL, '2026-04-19 16:21:39', '2026-04-19 16:21:39'),
(124, 'Ibrahim Ally', NULL, '2026', 169, 21, NULL, '2026-04-19 16:21:39', '2026-04-19 16:21:39'),
(125, 'Nadia Ndungu', NULL, '2025', 170, 21, NULL, '2026-04-19 16:21:39', '2026-04-19 16:21:39'),
(126, 'Esther Mlay', NULL, '2026', 171, 21, NULL, '2026-04-19 16:21:39', '2026-04-19 16:21:39'),
(127, 'Hannah Makundi', NULL, '2026', 172, 22, NULL, '2026-04-19 16:21:39', '2026-04-19 16:21:39'),
(128, 'Kevin Mtui', NULL, '2026', 173, 22, NULL, '2026-04-19 16:21:39', '2026-04-19 16:21:39'),
(129, 'George Macha', NULL, '2024', 174, 22, NULL, '2026-04-19 16:21:39', '2026-04-19 16:21:39'),
(130, 'Hassan Hamisi', NULL, '2023', 175, 22, NULL, '2026-04-19 16:21:39', '2026-04-19 16:21:39'),
(131, 'Wanjiku Lukas', NULL, '2024', 176, 22, NULL, '2026-04-19 16:21:39', '2026-04-19 16:21:39'),
(132, 'Penina Mmari', NULL, '2023', 177, 22, NULL, '2026-04-19 16:21:39', '2026-04-19 16:21:39'),
(133, 'Upendo Mwema', NULL, '2024', 178, 23, NULL, '2026-04-19 16:21:39', '2026-04-19 16:21:39'),
(134, 'Yusuf Mtanga', NULL, '2026', 179, 23, NULL, '2026-04-19 16:21:39', '2026-04-19 16:21:39'),
(135, 'Quentin Kimaro', NULL, '2023', 180, 23, NULL, '2026-04-19 16:21:39', '2026-04-19 16:21:39'),
(136, 'Grace Achieng', NULL, '2025', 181, 23, NULL, '2026-04-19 16:21:39', '2026-04-19 16:21:39'),
(137, 'Lucy Hamisi', NULL, '2025', 182, 23, NULL, '2026-04-19 16:21:39', '2026-04-19 16:21:39'),
(138, 'Beatrice Omari', NULL, '2024', 183, 23, NULL, '2026-04-19 16:21:39', '2026-04-19 16:21:39'),
(139, 'Beatrice Omari', NULL, '2024', 184, 24, NULL, '2026-04-19 16:21:39', '2026-04-19 16:21:39'),
(140, 'Nadia Mchome', NULL, '2024', 185, 24, NULL, '2026-04-19 16:21:39', '2026-04-19 16:21:39'),
(141, 'Victor Lukas', NULL, '2023', 186, 24, NULL, '2026-04-19 16:21:39', '2026-04-19 16:21:39'),
(142, 'Florence Mlay', NULL, '2024', 187, 24, NULL, '2026-04-19 16:21:39', '2026-04-19 16:21:39'),
(143, 'Ummi Rashid', NULL, '2025', 188, 24, NULL, '2026-04-19 16:21:39', '2026-04-19 16:21:39'),
(144, 'George Mlay', NULL, '2024', 189, 24, NULL, '2026-04-19 16:21:39', '2026-04-19 16:21:39'),
(145, 'Salim Nyerere', NULL, '2026', 190, 25, NULL, '2026-04-19 16:21:39', '2026-04-19 16:21:39'),
(146, 'Zawadi Achieng', NULL, '2024', 191, 25, NULL, '2026-04-19 16:21:39', '2026-04-19 16:21:39'),
(147, 'Winnie Omari', NULL, '2025', 192, 25, NULL, '2026-04-19 16:21:39', '2026-04-19 16:21:39'),
(148, 'Ibrahim Lema', NULL, '2023', 193, 25, NULL, '2026-04-19 16:21:39', '2026-04-19 16:21:39'),
(149, 'Amina Macha', NULL, '2023', 194, 25, NULL, '2026-04-19 16:21:39', '2026-04-19 16:21:39'),
(150, 'Yusuf Njau', NULL, '2025', 195, 25, NULL, '2026-04-19 16:21:39', '2026-04-19 16:21:39'),
(151, 'Upendo Mchome', NULL, '2024', 204, 26, NULL, '2026-04-19 16:21:39', '2026-04-19 16:21:39'),
(152, 'Carlos Mwanga', NULL, '2024', 205, 26, NULL, '2026-04-19 16:21:39', '2026-04-19 16:21:39'),
(153, 'Upendo Lukas', NULL, '2026', 206, 26, NULL, '2026-04-19 16:21:39', '2026-04-19 16:21:39'),
(154, 'Amina Ndonde', NULL, '2023', 207, 26, NULL, '2026-04-19 16:21:39', '2026-04-19 16:21:39'),
(155, 'Amina Njau', NULL, '2023', 208, 26, NULL, '2026-04-19 16:21:39', '2026-04-19 16:21:39'),
(156, 'Jabir Mwanga', NULL, '2024', 209, 26, NULL, '2026-04-19 16:21:39', '2026-04-19 16:21:39'),
(157, 'Quentin Macha', NULL, '2025', 210, 27, NULL, '2026-04-19 16:21:39', '2026-04-19 16:21:39'),
(158, 'Rahel Mmari', NULL, '2023', 211, 27, NULL, '2026-04-19 16:21:39', '2026-04-19 16:21:39'),
(159, 'Esther Mchome', NULL, '2023', 212, 27, NULL, '2026-04-19 16:21:39', '2026-04-19 16:21:39'),
(160, 'Rahel Ndungu', NULL, '2023', 213, 27, NULL, '2026-04-19 16:21:39', '2026-04-19 16:21:39'),
(161, 'Priscilla Nyerere', NULL, '2024', 214, 27, NULL, '2026-04-19 16:21:39', '2026-04-19 16:21:39'),
(162, 'Irene Mwema', NULL, '2026', 215, 27, NULL, '2026-04-19 16:21:39', '2026-04-19 16:21:39'),
(163, 'Wanjiku Kishimba', NULL, '2026', 216, 28, NULL, '2026-04-19 16:21:39', '2026-04-19 16:21:39'),
(164, 'Vincent Mwakitwange', NULL, '2025', 217, 28, NULL, '2026-04-19 16:21:39', '2026-04-19 16:21:39'),
(165, 'Florence Mtanga', NULL, '2023', 218, 28, NULL, '2026-04-19 16:21:39', '2026-04-19 16:21:39'),
(166, 'Bakari Wambua', NULL, '2024', 219, 28, NULL, '2026-04-19 16:21:39', '2026-04-19 16:21:39'),
(167, 'Irene Okonkwo', NULL, '2024', 220, 28, NULL, '2026-04-19 16:21:39', '2026-04-19 16:21:39'),
(168, 'Oscar Mwangi', NULL, '2025', 221, 28, NULL, '2026-04-19 16:21:39', '2026-04-19 16:21:39'),
(169, 'Beatrice Mtanga', NULL, '2024', 222, 29, NULL, '2026-04-19 16:21:39', '2026-04-19 16:21:39'),
(170, 'Hassan Kimani', NULL, '2024', 223, 29, NULL, '2026-04-19 16:21:39', '2026-04-19 16:21:39'),
(171, 'Edwin Rashid', NULL, '2025', 224, 29, NULL, '2026-04-19 16:21:39', '2026-04-19 16:21:39'),
(172, 'Diana Mkude', NULL, '2026', 225, 29, NULL, '2026-04-19 16:21:39', '2026-04-19 16:21:39'),
(173, 'Zawadi Nyerere', NULL, '2024', 226, 29, NULL, '2026-04-19 16:21:39', '2026-04-19 16:21:39'),
(174, 'Priscilla Mtanga', NULL, '2025', 227, 29, NULL, '2026-04-19 16:21:39', '2026-04-19 16:21:39'),
(175, 'Ahmed Mtanga', NULL, '2024', 228, 30, NULL, '2026-04-19 16:21:39', '2026-04-19 16:21:39'),
(176, 'Celestina Mwita', NULL, '2023', 229, 30, NULL, '2026-04-19 16:21:39', '2026-04-19 16:21:39'),
(177, 'Latifa Komba', NULL, '2026', 230, 30, NULL, '2026-04-19 16:21:39', '2026-04-19 16:21:39'),
(178, 'Ahmed Juma', NULL, '2026', 231, 30, NULL, '2026-04-19 16:21:39', '2026-04-19 16:21:39'),
(179, 'Bakari Kimani', NULL, '2026', 232, 30, NULL, '2026-04-19 16:21:39', '2026-04-19 16:21:39'),
(180, 'Oscar Ndungu', NULL, '2025', 233, 30, NULL, '2026-04-19 16:21:39', '2026-04-19 16:21:39');

-- --------------------------------------------------------

--
-- Table structure for table `users`
--

CREATE TABLE `users` (
  `id` bigint(20) UNSIGNED NOT NULL,
  `name` varchar(255) NOT NULL,
  `email` varchar(255) NOT NULL,
  `email_verified_at` timestamp NULL DEFAULT NULL,
  `password` varchar(255) NOT NULL,
  `remember_token` varchar(100) DEFAULT NULL,
  `created_at` timestamp NULL DEFAULT NULL,
  `updated_at` timestamp NULL DEFAULT NULL,
  `role_id` bigint(20) UNSIGNED NOT NULL,
  `program_id` bigint(20) UNSIGNED DEFAULT NULL,
  `department_id` bigint(20) UNSIGNED DEFAULT NULL
) ENGINE=InnoDB DEFAULT CHARSET=utf8mb4 COLLATE=utf8mb4_unicode_ci;

--
-- Dumping data for table `users`
--

INSERT INTO `users` (`id`, `name`, `email`, `email_verified_at`, `password`, `remember_token`, `created_at`, `updated_at`, `role_id`, `program_id`, `department_id`) VALUES
(1, 'Rector', 'rector@college.ac.tz', NULL, '$2y$12$Bur6XfD49pecAbzGolbwCev4nJFt5fX.hH3TA8sNalpsxaZboRRpm', NULL, '2026-04-19 16:20:12', '2026-04-19 16:20:12', 8, NULL, NULL),
(2, 'Director Academic', 'director@college.ac.tz', NULL, '$2y$12$gksxCxWOk7BpPuriQU3T7.w4UL5pIcrsipZNko2WQ8yxHoyODHdL6', NULL, '2026-04-19 16:20:12', '2026-04-19 16:20:12', 7, NULL, NULL),
(3, 'Quality Assurance', 'qa@college.ac.tz', NULL, '$2y$12$BfDdMyPJPxdnHXyRU9Y1wuFUSSTrdIX1KaT7VAAE/hBTRUqipKBZ6', NULL, '2026-04-19 16:20:12', '2026-04-19 16:20:12', 6, NULL, NULL),
(4, 'Examination Officer', 'examofficer@college.ac.tz', NULL, '$2y$12$5e.YFCuldf4zqsDiYBXDMulEt4gPH7wIz9peJ9oK4udjyx4xCpwiC', NULL, '2026-04-19 16:20:13', '2026-04-19 16:20:13', 5, NULL, NULL),
(5, 'Registrar', 'registrar@college.ac.tz', NULL, '$2y$12$bVhvM9JRHeZia2OS5oTPOOiY4zggLoaf.dEia84wLn04.mUfXPedi', NULL, '2026-04-19 16:20:13', '2026-04-19 16:20:13', 4, NULL, NULL),
(6, 'Dr. Amina Juma', 'hod.ict@college.ac.tz', NULL, '$2y$12$aqdVcdgjtMe3p0WH42eCpeZxIXkuNU2odB30cE8Cp2t3Gi3jLRtZ2', NULL, '2026-04-19 16:20:13', '2026-04-19 16:20:13', 3, NULL, 1),
(7, 'Mr. Hassan Omari', 'hassan.omari@college.ac.tz', NULL, '$2y$12$Ik65zDI6Ipx6DaIkxTIHQ.aaG6zBOvXvaxEniCcoiziac55dU3qKm', NULL, '2026-04-19 16:20:14', '2026-04-19 16:20:14', 2, NULL, 1),
(8, 'Ms. Grace Wambua', 'grace.wambua@college.ac.tz', NULL, '$2y$12$AAe9i3WccHnfd4P9kxKY1eLC2MNc8HAnFYbqhNHFUynSNStz3380y', NULL, '2026-04-19 16:20:14', '2026-04-19 16:20:14', 2, NULL, 1),
(9, 'Mr. Peter Makundi', 'peter.makundi@college.ac.tz', NULL, '$2y$12$phTmND0DTSAkpGozGnxnZ.pJRK4f3rzz3lGNcG0dqNtpPFQL8TgoG', NULL, '2026-04-19 16:20:14', '2026-04-19 16:20:14', 2, NULL, 1),
(10, 'Ms. Salma Rashid', 'salma.rashid@college.ac.tz', NULL, '$2y$12$xR3WsWATAWmQ7CD4pia4duouCt7WzR/PtV2aPberRSgQYFQo2mLbW', NULL, '2026-04-19 16:20:15', '2026-04-19 16:20:15', 2, NULL, 1),
(11, 'Mr. John Kimani', 'john.kimani@college.ac.tz', NULL, '$2y$12$mVFIjO6W76kqJjpP4DIGXOJrou94GSotzWB0NIJWTAw9E2KLmgf.m', NULL, '2026-04-19 16:20:15', '2026-04-19 16:20:15', 2, NULL, 1),
(12, 'Ms. Fatuma Ally', 'fatuma.ally@college.ac.tz', NULL, '$2y$12$cJ17gZEaaQ3An1eyvXrGHeJPfZNyn4j5hFx1TOHl9KYy2EpX1CxdW', NULL, '2026-04-19 16:20:15', '2026-04-19 16:20:15', 2, NULL, 1),
(13, 'Mr. David Mwangi', 'david.mwangi@college.ac.tz', NULL, '$2y$12$AN3VpzKavBDVyYytg32oPu0M21cMLbfOQz/HIHTiF8G0E2nBQPo6u', NULL, '2026-04-19 16:20:16', '2026-04-19 16:20:16', 2, NULL, 1),
(14, 'Janet Lema', 'janet.lema.111@student.college.ac.tz', NULL, '$2y$12$fnVdPcHoWpL97C2N9A/Mw.B9aMOPHTfXJP9EwujUGL.n3Y5KcRHKi', NULL, '2026-04-19 16:20:16', '2026-04-19 16:20:16', 1, 1, 1),
(15, 'Victor Mkude', 'victor.mkude.112@student.college.ac.tz', NULL, '$2y$12$cAdH1IULVwJfxBKVk378UufJ90.uUtEy08U/izjnUciet0kC.tZDG', NULL, '2026-04-19 16:20:16', '2026-04-19 16:20:16', 1, 1, 1),
(16, 'Quentin Mlay', 'quentin.mlay.113@student.college.ac.tz', NULL, '$2y$12$1u3ayGisNT05zA87gMtVOulkSokNEPIU4QmK8cugs2KydCaU8HAlG', NULL, '2026-04-19 16:20:17', '2026-04-19 16:20:17', 1, 1, 1),
(17, 'Edwin Mchome', 'edwin.mchome.114@student.college.ac.tz', NULL, '$2y$12$Gc7070h3MZlV48hh6zc6quUWgFfH400fM.XIGJ92YJPiDAvRWebO.', NULL, '2026-04-19 16:20:17', '2026-04-19 16:20:17', 1, 1, 1),
(18, 'Fadhili Mchome', 'fadhili.mchome.115@student.college.ac.tz', NULL, '$2y$12$bErxliSVmE58GGiQxiWcxO33KatRqHZRnOmHZvO7TonuPJ6FTil.W', NULL, '2026-04-19 16:20:17', '2026-04-19 16:20:17', 1, 1, 1),
(19, 'Yusuf Temba', 'yusuf.temba.116@student.college.ac.tz', NULL, '$2y$12$ZoxkYdj9K0njhkIrkbaYT.ltqJZ0Lb6yqlinsUeGARYTLiLSWZqYm', NULL, '2026-04-19 16:20:18', '2026-04-19 16:20:18', 1, 1, 1),
(20, 'Grace Mwangi', 'grace.mwangi.121@student.college.ac.tz', NULL, '$2y$12$VZTNJgqWHPhZZXfXbmaSu.utqtuG9KCbUTDK.Fouxr7eIm5WuIP2m', NULL, '2026-04-19 16:20:18', '2026-04-19 16:20:18', 1, 2, 1),
(21, 'Hassan Mwanga', 'hassan.mwanga.122@student.college.ac.tz', NULL, '$2y$12$dVbwPPB/cyVpL7jBf09NC.nzMUM3sXaKMC1SIAD8VrXZNXa8Mkz6q', NULL, '2026-04-19 16:20:18', '2026-04-19 16:20:18', 1, 2, 1),
(22, 'Esther Kimaro', 'esther.kimaro.123@student.college.ac.tz', NULL, '$2y$12$4tD9x2aINHL.bdnOqgNSOusY/.jsp4ccEhQenPLS5thP8fkXaQHZG', NULL, '2026-04-19 16:20:19', '2026-04-19 16:20:19', 1, 2, 1),
(23, 'Daudi Hassan', 'daudi.hassan.124@student.college.ac.tz', NULL, '$2y$12$N4iSZT7YAfpre9XYDfaLPOsIdf/aQ7kLHXk1UpGY8p.cHsPELLPAW', NULL, '2026-04-19 16:20:19', '2026-04-19 16:20:19', 1, 2, 1),
(24, 'Kalunde Ndungu', 'kalunde.ndungu.125@student.college.ac.tz', NULL, '$2y$12$abJJsY1NuElmQqiJ/S9..uh7SSkXkj95WqGSUvl7NZ9pTOxz2yd8y', NULL, '2026-04-19 16:20:19', '2026-04-19 16:20:19', 1, 2, 1),
(25, 'Priscilla Mwanga', 'priscilla.mwanga.126@student.college.ac.tz', NULL, '$2y$12$Sl.sV19K30GCh0rSDhWmIOL0dTbGQEE01vJfhKRwRK.Y6vzSycxEm', NULL, '2026-04-19 16:20:20', '2026-04-19 16:20:20', 1, 2, 1),
(26, 'Jabir Achieng', 'jabir.achieng.131@student.college.ac.tz', NULL, '$2y$12$ArjDQ.X7PL5fgLoqbxaPIeJPqj.OagI.LMhSiC4d2ZVIpXum67bw2', NULL, '2026-04-19 16:20:20', '2026-04-19 16:20:20', 1, 3, 1),
(27, 'Edwin Omari', 'edwin.omari.132@student.college.ac.tz', NULL, '$2y$12$6.H87VAZLVWpv.6hwmn91.ak9frFeBDaHkr0vWvbMNtRuUpldfxoq', NULL, '2026-04-19 16:20:21', '2026-04-19 16:20:21', 1, 3, 1),
(28, 'Wanjiku Wambua', 'wanjiku.wambua.133@student.college.ac.tz', NULL, '$2y$12$Ttf/yAZqyJz23SiLiSYBJedPDC8wNksw1CZAh7/eZeAlgGFtGYCfe', NULL, '2026-04-19 16:20:21', '2026-04-19 16:20:21', 1, 3, 1),
(29, 'Esther Mchome', 'esther.mchome.134@student.college.ac.tz', NULL, '$2y$12$Iv4c..Y5uNH9EA2Olmm/JOmiNqm3tDuSuN7UiUp8wj4D7uxAJIRYy', NULL, '2026-04-19 16:20:21', '2026-04-19 16:20:21', 1, 3, 1),
(30, 'Diana Ndungu', 'diana.ndungu.135@student.college.ac.tz', NULL, '$2y$12$1QZMZT2SUtaKNDUDNYhM/OUIWwAv1TfJHFScrt2LJ/t91yoa9EvtO', NULL, '2026-04-19 16:20:22', '2026-04-19 16:20:22', 1, 3, 1),
(31, 'Latifa Mwakitwange', 'latifa.mwakitwange.136@student.college.ac.tz', NULL, '$2y$12$6KZ1t/AkXwbFoxP65fdkbON25UUQmB1reLyVuNaHJyDm5zuULc1J6', NULL, '2026-04-19 16:20:22', '2026-04-19 16:20:22', 1, 3, 1),
(32, 'Ahmed Omari', 'ahmed.omari.141@student.college.ac.tz', NULL, '$2y$12$e1/VV/z0Um9aZmzoizvo6uXofSfu1oOgAO.QUr0gkwya1xOqu4.MC', NULL, '2026-04-19 16:20:22', '2026-04-19 16:20:22', 1, 4, 1),
(33, 'Fadhili Mtui', 'fadhili.mtui.142@student.college.ac.tz', NULL, '$2y$12$CPY/fsB7DUuoJ98Ag1WNsubDODdTEyhpMq3w.vxbi4uLlqcTCGy4O', NULL, '2026-04-19 16:20:23', '2026-04-19 16:20:23', 1, 4, 1),
(34, 'Diana Nyerere', 'diana.nyerere.143@student.college.ac.tz', NULL, '$2y$12$rIMU80tvxI4lJI4E3K9pAuBAPBW.gE2JelM1EJxTN/8qBOpEL3eIy', NULL, '2026-04-19 16:20:23', '2026-04-19 16:20:23', 1, 4, 1),
(35, 'Latifa Ngowi', 'latifa.ngowi.144@student.college.ac.tz', NULL, '$2y$12$2Ac.JnchySFGs8pOYoxcs.quW7z/QtedLQ/F06B.ivqfL.ls1eewi', NULL, '2026-04-19 16:20:23', '2026-04-19 16:20:23', 1, 4, 1),
(36, 'Grace Kimaro', 'grace.kimaro.145@student.college.ac.tz', NULL, '$2y$12$b3vHyemY8k9sgYq6yZxM8.UNaD3c7LvUQCI3ujW/s3X3bY2/RTVru', NULL, '2026-04-19 16:20:24', '2026-04-19 16:20:24', 1, 4, 1),
(37, 'Rahel Mtaani', 'rahel.mtaani.146@student.college.ac.tz', NULL, '$2y$12$ApbcnDQye64XMyGMHKpww.MH70s5Rs6jxXQ6eOsMnbwuljjYLHHOK', NULL, '2026-04-19 16:20:24', '2026-04-19 16:20:24', 1, 4, 1),
(38, 'Celestina Nchimbi', 'celestina.nchimbi.151@student.college.ac.tz', NULL, '$2y$12$BG7IsPzY4v8wgfwrKSYVSuz5nL5LAFnIYbewTkG/fltYabAiPaKu2', NULL, '2026-04-19 16:20:24', '2026-04-19 16:20:24', 1, 5, 1),
(39, 'Musa Makundi', 'musa.makundi.152@student.college.ac.tz', NULL, '$2y$12$S7zm6pbld5hDWKEcO4aylurcM0AYCGk1hZt.60mjdNvPmyWSYNJqK', NULL, '2026-04-19 16:20:25', '2026-04-19 16:20:25', 1, 5, 1),
(40, 'Zawadi Lema', 'zawadi.lema.153@student.college.ac.tz', NULL, '$2y$12$u5CVj44GwTWSlOHseaae4.eUUdG.LnGolTUA5IqNbTYmjowM9lb.S', NULL, '2026-04-19 16:20:25', '2026-04-19 16:20:25', 1, 5, 1),
(41, 'Fadhili Lema', 'fadhili.lema.154@student.college.ac.tz', NULL, '$2y$12$fWXFzdCLHG3u3WloZ1u2GO0MNbo5UcwgEfEzwCB4zUpSj4wxQ4kYi', NULL, '2026-04-19 16:20:25', '2026-04-19 16:20:25', 1, 5, 1),
(42, 'Victor Ally', 'victor.ally.155@student.college.ac.tz', NULL, '$2y$12$nkhmTwxph5rVAGoTmJu7pOtTRyzaNDyqrUSgH1ypFmVEulif6ORX2', NULL, '2026-04-19 16:20:26', '2026-04-19 16:20:26', 1, 5, 1),
(43, 'Rahel Makundi', 'rahel.makundi.156@student.college.ac.tz', NULL, '$2y$12$XaiJv.BLcRVzy7AMXLEwBepfJmXuZ6iTG/0hB0vjyRYkO1.ffIHR.', NULL, '2026-04-19 16:20:26', '2026-04-19 16:20:26', 1, 5, 1),
(44, 'Dr. Rose Mwenda', 'hod.ba@college.ac.tz', NULL, '$2y$12$BWJl5jkD53DdcCRZH3LeMuTozMhLO7HlAZEqGbjYz9CXdAoUOuMq6', NULL, '2026-04-19 16:20:26', '2026-04-19 16:20:26', 3, NULL, 2),
(45, 'Mr. Ali Hassan', 'ali.hassan@college.ac.tz', NULL, '$2y$12$/YzdqB3AcUzx9CXxjpCh6ORbm7BBbbyp7QUDy8MND1VEZumwHQ4cS', NULL, '2026-04-19 16:20:27', '2026-04-19 16:20:27', 2, NULL, 2),
(46, 'Ms. Neema Mtui', 'neema.mtui@college.ac.tz', NULL, '$2y$12$A47mTYlqcLVzMrcTpyxgS.4LB2dzptn8tb1KFeltrUE17AttXci8.', NULL, '2026-04-19 16:20:27', '2026-04-19 16:20:27', 2, NULL, 2),
(47, 'Mr. James Okonkwo', 'james.okonkwo@college.ac.tz', NULL, '$2y$12$ig9TEtqbi8IkEwKQ6gcoGexlNzdfkPWNZan4txNPI1Xm32iakf9P.', NULL, '2026-04-19 16:20:27', '2026-04-19 16:20:27', 2, NULL, 2),
(48, 'Ms. Mary Ndungu', 'mary.ndungu@college.ac.tz', NULL, '$2y$12$BbiUokkBtREwd9kUPeXk3uqbvdRqUkaZunlvMWI0qV1VEFApYpSzG', NULL, '2026-04-19 16:20:28', '2026-04-19 16:20:28', 2, NULL, 2),
(49, 'Mr. Bakari Salim', 'bakari.salim@college.ac.tz', NULL, '$2y$12$xKk9Re83w8fZ2Ld9nxu7x.K6cFNNtZnHMiVQC/paKOcYpx543dLMG', NULL, '2026-04-19 16:20:28', '2026-04-19 16:20:28', 2, NULL, 2),
(50, 'Ms. Joyce Achieng', 'joyce.achieng@college.ac.tz', NULL, '$2y$12$YbwWSG6OhhWi0idKe3lS7uwwhH4/2TPgBB8hcSSxs9BFO4Il12PyS', NULL, '2026-04-19 16:20:29', '2026-04-19 16:20:29', 2, NULL, 2),
(51, 'Mr. Richard Kimaro', 'richard.kimaro@college.ac.tz', NULL, '$2y$12$yfiSJEOv0cQiB7c4vQK5c.GFAuWfhh8NBrCtKy80VN2OQwYaTA5/e', NULL, '2026-04-19 16:20:29', '2026-04-19 16:20:29', 2, NULL, 2),
(52, 'Penina Temba', 'penina.temba.261@student.college.ac.tz', NULL, '$2y$12$6eZhmqURccE7WbNTyfbhFOVqV0q5xXqQCNlVeP33UXTZjyJcDqNPy', NULL, '2026-04-19 16:20:29', '2026-04-19 16:20:29', 1, 6, 2),
(53, 'Penina Ndonde', 'penina.ndonde.262@student.college.ac.tz', NULL, '$2y$12$/ILF4eIbO2yDhOUSqXBZj.kK//.mAnizgWXAhfDMw.MtV/s49Njy2', NULL, '2026-04-19 16:20:30', '2026-04-19 16:20:30', 1, 6, 2),
(54, 'Stella Kimani', 'stella.kimani.263@student.college.ac.tz', NULL, '$2y$12$QobdUAEsOv9qmDLwFP7Xo.XlTdVQ58Q.Xf/BN6.zsdvTJjFvtIe16', NULL, '2026-04-19 16:20:30', '2026-04-19 16:20:30', 1, 6, 2),
(55, 'Diana Mtaani', 'diana.mtaani.264@student.college.ac.tz', NULL, '$2y$12$hXzFbvyNVKiusK2vGzk/tOy5jthPShxRfJO/qkWwMWZj.v6dRlwqy', NULL, '2026-04-19 16:20:30', '2026-04-19 16:20:30', 1, 6, 2),
(56, 'Fadhili Mwita', 'fadhili.mwita.265@student.college.ac.tz', NULL, '$2y$12$pRV4C2d0CyHsM/ZBYWPm2e1e8oNUoVVTCCKY3I9MQtvlOlVBlzp5m', NULL, '2026-04-19 16:20:31', '2026-04-19 16:20:31', 1, 6, 2),
(57, 'Hannah Lema', 'hannah.lema.266@student.college.ac.tz', NULL, '$2y$12$EPBwtMIRGDfDbiYQ07rswudLBOTGgv7bSuGNCFvL4ju4PMxA0YRwC', NULL, '2026-04-19 16:20:31', '2026-04-19 16:20:31', 1, 6, 2),
(58, 'Xolani Lukas', 'xolani.lukas.271@student.college.ac.tz', NULL, '$2y$12$d7IXYJneK8T9dpBca6HPTeFpPOetzcS3nYahYB2/z32LB44J5NbLC', NULL, '2026-04-19 16:20:31', '2026-04-19 16:20:31', 1, 7, 2),
(59, 'Winnie Mwema', 'winnie.mwema.272@student.college.ac.tz', NULL, '$2y$12$dTeNF1C9vaMOlrH2vw5gcOPXDJrcMinvSSC5JMlDr8Lypism7Ck4q', NULL, '2026-04-19 16:20:32', '2026-04-19 16:20:32', 1, 7, 2),
(60, 'Martin Temba', 'martin.temba.273@student.college.ac.tz', NULL, '$2y$12$75L3DD949.JRH7/pdVtO7.Hq1We0mKnBmpp7aslsClkfrTgwqYnxe', NULL, '2026-04-19 16:20:32', '2026-04-19 16:20:32', 1, 7, 2),
(61, 'Wanjiku Ndonde', 'wanjiku.ndonde.274@student.college.ac.tz', NULL, '$2y$12$7amwToPmmFSlf92atJuB2.GI23KT.q00S/DWpWU4Oigcw6MznmB2G', NULL, '2026-04-19 16:20:33', '2026-04-19 16:20:33', 1, 7, 2),
(62, 'Priscilla Temba', 'priscilla.temba.275@student.college.ac.tz', NULL, '$2y$12$L.6pMD7JVBqaE5u3WJRkCOTzhketdNDPhi7ec.n/UbslDgf2K4rFi', NULL, '2026-04-19 16:20:33', '2026-04-19 16:20:33', 1, 7, 2),
(63, 'Martin Rashid', 'martin.rashid.276@student.college.ac.tz', NULL, '$2y$12$I3uQOCwHIIiFKs/pgluPOuMTkoFvQ/cR4EO6SvIWFCR77FXnXqrqS', NULL, '2026-04-19 16:20:33', '2026-04-19 16:20:33', 1, 7, 2),
(64, 'Tumaini Makundi', 'tumaini.makundi.281@student.college.ac.tz', NULL, '$2y$12$9c9dBYGSD4rRmnLF0t3na.MYbfdQGyXXmYxsXRT7AxuMb3bLWeUeS', NULL, '2026-04-19 16:20:34', '2026-04-19 16:20:34', 1, 8, 2),
(65, 'Fadhili Okonkwo', 'fadhili.okonkwo.282@student.college.ac.tz', NULL, '$2y$12$c.cZLmBSKQOvxNOfEjvsyOAnQeAvDNhCL9kqfBkFaiYNOrgiSVEqK', NULL, '2026-04-19 16:20:34', '2026-04-19 16:20:34', 1, 8, 2),
(66, 'Priscilla Omari', 'priscilla.omari.283@student.college.ac.tz', NULL, '$2y$12$zG4tBHPGd0Jp8YDqjEeaIOE9kWkTMWSmtjr9lQJCTiGphEzrakCXa', NULL, '2026-04-19 16:20:34', '2026-04-19 16:20:34', 1, 8, 2),
(67, 'Martin Komba', 'martin.komba.284@student.college.ac.tz', NULL, '$2y$12$vBEvhzarjy87szDHTLY.3uz1rzHE2edqxG6DwNbDjFg0cMVPniFFC', NULL, '2026-04-19 16:20:35', '2026-04-19 16:20:35', 1, 8, 2),
(68, 'Ibrahim Kimaro', 'ibrahim.kimaro.285@student.college.ac.tz', NULL, '$2y$12$WmhP.Io4YgqDGnLO7Si.iedoCA1kkj3DUHnFcVtDMr016f9PvEjha', NULL, '2026-04-19 16:20:35', '2026-04-19 16:20:35', 1, 8, 2),
(69, 'Daudi Komba', 'daudi.komba.286@student.college.ac.tz', NULL, '$2y$12$2Uy0m32K1R3/lxkH4NBWDeWN0Um9FVX68feaP60KHvZwTvLZUwAbi', NULL, '2026-04-19 16:20:36', '2026-04-19 16:20:36', 1, 8, 2),
(70, 'Zawadi Kishimba', 'zawadi.kishimba.291@student.college.ac.tz', NULL, '$2y$12$UFt209cLGIfx0NU4S7e8F.HkIc8eaSRvBbhh45bEFYo/oNezA2iCi', NULL, '2026-04-19 16:20:36', '2026-04-19 16:20:36', 1, 9, 2),
(71, 'Vincent Rashid', 'vincent.rashid.292@student.college.ac.tz', NULL, '$2y$12$Oi4NAatdVv.w2V9z.sj0c..YJgF2VM67aw/b8RgcmMBXzFiQd2yp2', NULL, '2026-04-19 16:20:36', '2026-04-19 16:20:36', 1, 9, 2),
(72, 'Celestina Ndungu', 'celestina.ndungu.293@student.college.ac.tz', NULL, '$2y$12$42GI1yUO0B0QUs6mH3ciseL.wUXAElCyLZZ85JSZPei89V3MQtScu', NULL, '2026-04-19 16:20:37', '2026-04-19 16:20:37', 1, 9, 2),
(73, 'Janet Kishimba', 'janet.kishimba.294@student.college.ac.tz', NULL, '$2y$12$w/MHDCdYHj.5UbAbLWuWFOxROsOX7vxMT/4DG5RbV9BSm.med2xjW', NULL, '2026-04-19 16:20:37', '2026-04-19 16:20:37', 1, 9, 2),
(74, 'Carlos Juma', 'carlos.juma.295@student.college.ac.tz', NULL, '$2y$12$q8UgoL6ux9Wido015IlJHOMmz92BloGhWXlITMIKa1yzikQbjW0Iy', NULL, '2026-04-19 16:20:38', '2026-04-19 16:20:38', 1, 9, 2),
(75, 'Hassan Kimani', 'hassan.kimani.296@student.college.ac.tz', NULL, '$2y$12$Bf8v8vuoUpPNCLpCRCt2aut8eoqth5wl4eJlEMfwQKEG9J9o/E3ty', NULL, '2026-04-19 16:20:38', '2026-04-19 16:20:38', 1, 9, 2),
(76, 'Nadia Juma', 'nadia.juma.2101@student.college.ac.tz', NULL, '$2y$12$Gp8rU9.LyQXbAJNs4YVvnOkK5Phte1mzQe/czPrHvRET5uW7Tvefq', NULL, '2026-04-19 16:20:38', '2026-04-19 16:20:38', 1, 10, 2),
(77, 'Penina Lukas', 'penina.lukas.2102@student.college.ac.tz', NULL, '$2y$12$WtJDp18b5icCAgsuQZexYunYaqJwp15a52/Qgezosr3zvMVlXoWmS', NULL, '2026-04-19 16:20:39', '2026-04-19 16:20:39', 1, 10, 2),
(78, 'Oscar Ndonde', 'oscar.ndonde.2103@student.college.ac.tz', NULL, '$2y$12$xcnLINulDSejuPDQ0nVRveBLykdEl3M3Lwnm7H0NMWgcydtTqd0l6', NULL, '2026-04-19 16:20:39', '2026-04-19 16:20:39', 1, 10, 2),
(79, 'Stella Mushi', 'stella.mushi.2104@student.college.ac.tz', NULL, '$2y$12$mGbt9EzhiBQ791uJPK0VSONFEO6U4746hKoMHg9P0hoSPk0NCV18m', NULL, '2026-04-19 16:20:39', '2026-04-19 16:20:39', 1, 10, 2),
(80, 'Ibrahim Mtaani', 'ibrahim.mtaani.2105@student.college.ac.tz', NULL, '$2y$12$YSa9e4bOmaFU4N2hv7mtzuDyS7MrRiTEeXf6bfOjA3kgT530hU7ie', NULL, '2026-04-19 16:20:40', '2026-04-19 16:20:40', 1, 10, 2),
(81, 'Martin Wambua', 'martin.wambua.2106@student.college.ac.tz', NULL, '$2y$12$Gytb/ZmI8UyFe26XqkM3oeUUo6sPL4/JeXcibALLK1osSgyHuYh/O', NULL, '2026-04-19 16:20:41', '2026-04-19 16:20:41', 1, 10, 2),
(82, 'Eng. Samuel Mwita', 'hod.civil@college.ac.tz', NULL, '$2y$12$njnOvdh0.1xHTH0CMX3Mz.h11qcUfKIIKB2plZtzD.uaQQgdMbuda', NULL, '2026-04-19 16:20:41', '2026-04-19 16:20:41', 3, NULL, 3),
(83, 'Mr. Jabir Mwema', 'jabir.mwema@college.ac.tz', NULL, '$2y$12$i4M0OC1IXZX7CiUP9.toxu.HRFchnXKrHMIT4czOLgBgcDbR2Mlc.', NULL, '2026-04-19 16:20:42', '2026-04-19 16:20:42', 2, NULL, 3),
(84, 'Ms. Sophia Mchome', 'sophia.mchome@college.ac.tz', NULL, '$2y$12$PvWM3ppzPPyFG57583ueWeAngCZnu7hTHe2R6HYHrYuUfr3B2HJdS', NULL, '2026-04-19 16:20:42', '2026-04-19 16:20:42', 2, NULL, 3),
(85, 'Mr. Patrick Nyerere', 'patrick.nyerere@college.ac.tz', NULL, '$2y$12$sy730025/E4rZrQKs0dxsesunIrDNdRuVp822N/3r0ruMvK3JxNMG', NULL, '2026-04-19 16:20:42', '2026-04-19 16:20:42', 2, NULL, 3),
(86, 'Ms. Agnes Mmari', 'agnes.mmari@college.ac.tz', NULL, '$2y$12$2/Zi523.pbbP1KnlFMHXUeFrXFgebPZPU4tFNderyYVWyWNFW.0aq', NULL, '2026-04-19 16:20:43', '2026-04-19 16:20:43', 2, NULL, 3),
(87, 'Mr. Charles Mushi', 'charles.mushi@college.ac.tz', NULL, '$2y$12$umbsh4nh84H0lnpIk0VGROx8REiiid9phwnfeQzOJZMAUniH14gyu', NULL, '2026-04-19 16:20:43', '2026-04-19 16:20:43', 2, NULL, 3),
(88, 'Ms. Dorcas Temba', 'dorcas.temba@college.ac.tz', NULL, '$2y$12$9bq3rD18Hnapv1412x0fpO9GGRrkD5l.Q5EqAGSq8fwpyJFcKmd6u', NULL, '2026-04-19 16:20:43', '2026-04-19 16:20:43', 2, NULL, 3),
(89, 'Mr. Francis Ngowi', 'francis.ngowi@college.ac.tz', NULL, '$2y$12$RLEsDd/Lh6QavhiD/NcNeOFlWN9DhwWExrJH1GtIBZjwj1/yBdydO', NULL, '2026-04-19 16:20:44', '2026-04-19 16:20:44', 2, NULL, 3),
(90, 'Kevin Mushi', 'kevin.mushi.3111@student.college.ac.tz', NULL, '$2y$12$nwmpL0Pcil4k4hcw6OUd5ezbdSbgYX2XNKl9yBV7BGwbTZfHPNs/e', NULL, '2026-04-19 16:20:44', '2026-04-19 16:20:44', 1, 11, 3),
(91, 'Upendo Lema', 'upendo.lema.3112@student.college.ac.tz', NULL, '$2y$12$XFaR1cafuLUNbKOA5LrrsupvzIuAdJwApzV7q9knAFKEOzPiU0C/C', NULL, '2026-04-19 16:20:44', '2026-04-19 16:20:44', 1, 11, 3),
(92, 'Bakari Njau', 'bakari.njau.3113@student.college.ac.tz', NULL, '$2y$12$H/bZpDJDl7CNERK8pZyFAO9wfsiU3KcuyteQvdocWvK7iQcuztyIK', NULL, '2026-04-19 16:20:45', '2026-04-19 16:20:45', 1, 11, 3),
(93, 'Nadia Mkude', 'nadia.mkude.3114@student.college.ac.tz', NULL, '$2y$12$50NCPmqQaOmazn3K/5lNV.Ojm3pXs0vLzrFN39sYR7Ke41IKwnQ6q', NULL, '2026-04-19 16:20:46', '2026-04-19 16:20:46', 1, 11, 3),
(94, 'Bakari Omari', 'bakari.omari.3115@student.college.ac.tz', NULL, '$2y$12$wRqxzQqqGFZE51ZB/PnIP.q02woKUld2VWR0wX/hwFC7a38LzFB8a', NULL, '2026-04-19 16:20:47', '2026-04-19 16:20:47', 1, 11, 3),
(95, 'Grace Lema', 'grace.lema.3116@student.college.ac.tz', NULL, '$2y$12$Fpfi9sflTyd10bObKxR71eOy00ONrZso7DHNqq8etFYjlI7T0Qx/.', NULL, '2026-04-19 16:20:47', '2026-04-19 16:20:47', 1, 11, 3),
(96, 'Yusuf Hamisi', 'yusuf.hamisi.3121@student.college.ac.tz', NULL, '$2y$12$aasBmcIdKPvNn5zmEGNBku.rmZMznkfYupoAqisWs9TXiBQMsZS2u', NULL, '2026-04-19 16:20:47', '2026-04-19 16:20:47', 1, 12, 3),
(97, 'Florence Mlay', 'florence.mlay.3122@student.college.ac.tz', NULL, '$2y$12$hJbuhjfj8RKcpAzCpinUyu14V1kqLibsd5ODEj0.R16eaLi4k53.q', NULL, '2026-04-19 16:20:48', '2026-04-19 16:20:48', 1, 12, 3),
(98, 'Beatrice Mkude', 'beatrice.mkude.3123@student.college.ac.tz', NULL, '$2y$12$kRg97M5efWTV0dr90UyMM.YI.CZTl0WAmk.Xcb75wEybr..M2GWzq', NULL, '2026-04-19 16:20:48', '2026-04-19 16:20:48', 1, 12, 3),
(99, 'Lucy Mtui', 'lucy.mtui.3124@student.college.ac.tz', NULL, '$2y$12$1Otz0c6j3UC5VT2MO6J0Pu7CuPNEVLHtmZe.ZWXOpx3Eu2zwoNd6m', NULL, '2026-04-19 16:20:49', '2026-04-19 16:20:49', 1, 12, 3),
(100, 'Rashid Omari', 'rashid.omari.3125@student.college.ac.tz', NULL, '$2y$12$fVj9oCjqq1rfpIIwIp7YxuUTU1nAvtBqv8zd1oUxN1gku9yorauJi', NULL, '2026-04-19 16:20:49', '2026-04-19 16:20:49', 1, 12, 3),
(101, 'Zawadi Mwita', 'zawadi.mwita.3126@student.college.ac.tz', NULL, '$2y$12$j1x.5sVDqo1HRyhZZlW7Z.LUIoX8SbvqAqbvTe9EbYldnBbQRDLqC', NULL, '2026-04-19 16:20:49', '2026-04-19 16:20:49', 1, 12, 3),
(102, 'Winnie Mushi', 'winnie.mushi.3131@student.college.ac.tz', NULL, '$2y$12$w4ICnsRkBTQexyJMvj7p8.OqIIqXOqkRsnciiFoZDQrsKM0KF0hJy', NULL, '2026-04-19 16:20:50', '2026-04-19 16:20:50', 1, 13, 3),
(103, 'Rashid Mwangi', 'rashid.mwangi.3132@student.college.ac.tz', NULL, '$2y$12$2Kh49VV6cmhm8CNGvCt3ku9TYCqs9DPqCP1DHmNN57o2gEaU7jxIa', NULL, '2026-04-19 16:20:50', '2026-04-19 16:20:50', 1, 13, 3),
(104, 'Amina Ngowi', 'amina.ngowi.3133@student.college.ac.tz', NULL, '$2y$12$E9J/7JR6zmOeZleW8QVeO..sCGAOKNlKIr81JWIOawo8WhkxiqwLW', NULL, '2026-04-19 16:20:51', '2026-04-19 16:20:51', 1, 13, 3),
(105, 'Teddy Ndonde', 'teddy.ndonde.3134@student.college.ac.tz', NULL, '$2y$12$5sxUwYaNe9mpUHuOIpcIyOCJLwAkLkW0uAFfrn9k6dl1CcRwTMrd2', NULL, '2026-04-19 16:20:51', '2026-04-19 16:20:51', 1, 13, 3),
(106, 'Zawadi Ndonde', 'zawadi.ndonde.3135@student.college.ac.tz', NULL, '$2y$12$DV/NLJXcBTHsywBwWqlFsuHAP7uZ3ZkusLXzQ4m6bW0q2dwqTEEaO', NULL, '2026-04-19 16:20:51', '2026-04-19 16:20:51', 1, 13, 3),
(107, 'Penina Okonkwo', 'penina.okonkwo.3136@student.college.ac.tz', NULL, '$2y$12$RiDIfchf1D6hjYEWKNshs.UvhBObVQEhhSHn7rJGI5jToFeCAyU9C', NULL, '2026-04-19 16:20:52', '2026-04-19 16:20:52', 1, 13, 3),
(108, 'Martin Mushi', 'martin.mushi.3141@student.college.ac.tz', NULL, '$2y$12$yPlf1ZjgRGM9aPGkosMuJuSArlUfFAwm6u5kNWZ0OSDS2O5ZGZsSC', NULL, '2026-04-19 16:20:53', '2026-04-19 16:20:53', 1, 14, 3),
(109, 'Martin Hassan', 'martin.hassan.3142@student.college.ac.tz', NULL, '$2y$12$KKHQC2.Zh4v9UtmlFBtp8u1xZlQUKXqlv3a/6spObVm9ePSQjspWy', NULL, '2026-04-19 16:20:53', '2026-04-19 16:20:53', 1, 14, 3),
(110, 'Zawadi Hassan', 'zawadi.hassan.3143@student.college.ac.tz', NULL, '$2y$12$mauePSbSWiUh6dsIFXGq9.q83/xG5gdZ/R/rYAi8Vm5h9FQEgW9oq', NULL, '2026-04-19 16:20:53', '2026-04-19 16:20:53', 1, 14, 3),
(111, 'Kevin Temba', 'kevin.temba.3144@student.college.ac.tz', NULL, '$2y$12$xcT3LNNvkkhryKwd5VNy2uqZnnVgxBKPTb94JAudIZdf2moKOonNC', NULL, '2026-04-19 16:20:54', '2026-04-19 16:20:54', 1, 14, 3),
(112, 'Irene Rashid', 'irene.rashid.3145@student.college.ac.tz', NULL, '$2y$12$O9u1SgpiNXEIPZHQFweiW..R1iJFeGjnDnY/DnurL/cI94dfabHOy', NULL, '2026-04-19 16:20:54', '2026-04-19 16:20:54', 1, 14, 3),
(113, 'Lucy Makundi', 'lucy.makundi.3146@student.college.ac.tz', NULL, '$2y$12$L8rxVq.h6UqPIKlMhsWC1e0/bZmJl4yrK8W2joXwRmx2bvIfwhDXC', NULL, '2026-04-19 16:20:55', '2026-04-19 16:20:55', 1, 14, 3),
(114, 'Daudi Wambua', 'daudi.wambua.3151@student.college.ac.tz', NULL, '$2y$12$2DILy/0c0fUI3kfqPnBp2OwPZWG/3FvbJ3FuEXBhUFABYaZtJiioC', NULL, '2026-04-19 16:20:55', '2026-04-19 16:20:55', 1, 15, 3),
(115, 'Tumaini Mchome', 'tumaini.mchome.3152@student.college.ac.tz', NULL, '$2y$12$SzFu7AtvUB0M472hdu7SKua5X8TrTgg2ZRccti5zJkN57wVQRo.Hu', NULL, '2026-04-19 16:20:55', '2026-04-19 16:20:55', 1, 15, 3),
(116, 'Winnie Mwita', 'winnie.mwita.3153@student.college.ac.tz', NULL, '$2y$12$p.z9TVWyjjKWk1C3F6HS9eaJxiJ32HuuoygACmDX5PDHwFS.WpH3.', NULL, '2026-04-19 16:20:56', '2026-04-19 16:20:56', 1, 15, 3),
(117, 'Wanjiku Hassan', 'wanjiku.hassan.3154@student.college.ac.tz', NULL, '$2y$12$HDRvbh7ik86iXMmTabFNqOf08WA5VczB0kgTEaXHauB6FccHGpGya', NULL, '2026-04-19 16:20:56', '2026-04-19 16:20:56', 1, 15, 3),
(118, 'Musa Mkude', 'musa.mkude.3155@student.college.ac.tz', NULL, '$2y$12$IZAaVVdAWohx46A6wP95aO3/tC70r4U//j/aUgTCQp01QjYkqXhy.', NULL, '2026-04-19 16:20:57', '2026-04-19 16:20:57', 1, 15, 3),
(119, 'Stella Mwita', 'stella.mwita.3156@student.college.ac.tz', NULL, '$2y$12$Lh8m3K2d6pHesnnpGZAsGu5h4SFlocICo7F2GQ5Cy6Gp4jhsoNDxa', NULL, '2026-04-19 16:20:57', '2026-04-19 16:20:57', 1, 15, 3),
(120, 'Eng. Musa Baraka', 'hod.elect@college.ac.tz', NULL, '$2y$12$Thd2Pn6A91KkkhgDbExa9OEjshW5pkSIABMWlKlDidWEaDj/EHxXK', NULL, '2026-04-19 16:20:57', '2026-04-19 16:20:57', 3, NULL, 4),
(121, 'Mr. Gabriel Lema', 'gabriel.lema@college.ac.tz', NULL, '$2y$12$AjcREX7phJbAhU9/EviF4ed5133UWFKpZnkgF.QV5BnTzIgE/oQ3a', NULL, '2026-04-19 16:20:58', '2026-04-19 16:20:58', 2, NULL, 4),
(122, 'Ms. Mariam Mtanga', 'mariam.mtanga@college.ac.tz', NULL, '$2y$12$7zVY.ZK9LrPUU3jnYVEIJuobqdQqMIKAzxBtfrHuExTr8j1Q2YWy.', NULL, '2026-04-19 16:20:58', '2026-04-19 16:20:58', 2, NULL, 4),
(123, 'Mr. Vincent Komba', 'vincent.komba@college.ac.tz', NULL, '$2y$12$2Yzn0P2SurCSI/IYg1oSXuzu8E4azPkyWdISE5M9LDZiIFh76Alp2', NULL, '2026-04-19 16:20:59', '2026-04-19 16:20:59', 2, NULL, 4),
(124, 'Ms. Elizabeth Lukas', 'elizabeth.lukas@college.ac.tz', NULL, '$2y$12$iTwPJHADLqDwzyEUzm0gwu/j8fSMKF6Cicvj7LvgDd85wTB2szBXC', NULL, '2026-04-19 16:20:59', '2026-04-19 16:20:59', 2, NULL, 4),
(125, 'Mr. Anthony Njau', 'anthony.njau@college.ac.tz', NULL, '$2y$12$mmc4kO8LxqFerBQNzi14iev76wuBemIVw58wxffU4rNmpANTGJi96', NULL, '2026-04-19 16:20:59', '2026-04-19 16:20:59', 2, NULL, 4),
(126, 'Ms. Zainab Hamisi', 'zainab.hamisi@college.ac.tz', NULL, '$2y$12$ZKbw/.AnbFcLHgqYmhc1vOhtdGAJ65YtTx64/EcVc1DVn9zDVlLEW', NULL, '2026-04-19 16:21:00', '2026-04-19 16:21:00', 2, NULL, 4),
(127, 'Mr. Thomas Mlay', 'thomas.mlay@college.ac.tz', NULL, '$2y$12$WJ.iDuZ39HcrQT4OCRChDOYbSDaF2tMSrOtv/Op/zFF5lPSttracy', NULL, '2026-04-19 16:21:00', '2026-04-19 16:21:00', 2, NULL, 4),
(128, 'Diana Kimani', 'diana.kimani.4161@student.college.ac.tz', NULL, '$2y$12$UauEvURZR/cTT0v.7pDaXeRr/ptP4hsXOU2n5nptTQdriJYo43HUy', NULL, '2026-04-19 16:21:00', '2026-04-19 16:21:00', 1, 16, 4),
(129, 'Kalunde Ally', 'kalunde.ally.4162@student.college.ac.tz', NULL, '$2y$12$JfhNJfUGcU6uYabtfDaxhulf3kEbFhfXtCGrP8q1aBHEE.xLKFaCW', NULL, '2026-04-19 16:21:01', '2026-04-19 16:21:01', 1, 16, 4),
(130, 'Nadia Mwema', 'nadia.mwema.4163@student.college.ac.tz', NULL, '$2y$12$oASlG21WXqMJY85/ikFbYu212hldBrsDXLXUajf8dqNiizkiHEL.e', NULL, '2026-04-19 16:21:01', '2026-04-19 16:21:01', 1, 16, 4),
(131, 'Kevin Makundi', 'kevin.makundi.4164@student.college.ac.tz', NULL, '$2y$12$RWwrWYy6Dy5fBs9zNinWW.rTswHA.R0DkI3nTlRnH1C2gSppRvJTO', NULL, '2026-04-19 16:21:01', '2026-04-19 16:21:01', 1, 16, 4),
(132, 'Rashid Nyerere', 'rashid.nyerere.4165@student.college.ac.tz', NULL, '$2y$12$LnfAqnsPsd1KYSy3CwtJ4eVYWyiv3cQREiqHtvhHJsgldyyUpbzQu', NULL, '2026-04-19 16:21:02', '2026-04-19 16:21:02', 1, 16, 4),
(133, 'Winnie Makundi', 'winnie.makundi.4166@student.college.ac.tz', NULL, '$2y$12$R/x.Kfz.Rqv90BaSlZwyZuycsS1D8AxSjUe99RRvEc91RAnQzYxlu', NULL, '2026-04-19 16:21:02', '2026-04-19 16:21:02', 1, 16, 4),
(134, 'Rahel Mwita', 'rahel.mwita.4171@student.college.ac.tz', NULL, '$2y$12$y5YKAMLsdSihxOiR.amnmu1KNQbbR4fRYKSBiCfPigAcTOdgZHfBe', NULL, '2026-04-19 16:21:02', '2026-04-19 16:21:02', 1, 17, 4),
(135, 'Ummi Mchome', 'ummi.mchome.4172@student.college.ac.tz', NULL, '$2y$12$KHmCaI3HAOwgAbdMk937l.o.Dbz9YDJ3jH/u7uNK1yBjtUedPUQbm', NULL, '2026-04-19 16:21:03', '2026-04-19 16:21:03', 1, 17, 4),
(136, 'Daudi Mwakitwange', 'daudi.mwakitwange.4173@student.college.ac.tz', NULL, '$2y$12$sywI22Am4srx0092QlE.zu0qUXKY/33rg3w4hlfEVM1zLRANgN0bW', NULL, '2026-04-19 16:21:03', '2026-04-19 16:21:03', 1, 17, 4),
(137, 'Wanjiku Kishimba', 'wanjiku.kishimba.4174@student.college.ac.tz', NULL, '$2y$12$1k.Jx8WiXEIDQd1Ah1lG9OMsIfqzfC1SFzl9VLHexno1bAAlSMj7a', NULL, '2026-04-19 16:21:03', '2026-04-19 16:21:03', 1, 17, 4),
(138, 'Janet Okonkwo', 'janet.okonkwo.4175@student.college.ac.tz', NULL, '$2y$12$eTDn0PJ1l5uGEU1ynfKCX.x3duRNdUTy/XEtySe3L88imQ6iR86gq', NULL, '2026-04-19 16:21:04', '2026-04-19 16:21:04', 1, 17, 4),
(139, 'Ibrahim Mchome', 'ibrahim.mchome.4176@student.college.ac.tz', NULL, '$2y$12$Hya2LXs7quGZYPYXJOka.egRZY650NCaOD8GP3n8c/1AjYauaiGBa', NULL, '2026-04-19 16:21:04', '2026-04-19 16:21:04', 1, 17, 4),
(140, 'Kevin Mtanga', 'kevin.mtanga.4181@student.college.ac.tz', NULL, '$2y$12$ZA86c5j1zjMW/nd1G7xwKePqPvUwXHwVeJGf9qH23WhEb4DcaNDQa', NULL, '2026-04-19 16:21:05', '2026-04-19 16:21:05', 1, 18, 4),
(141, 'Oscar Mwita', 'oscar.mwita.4182@student.college.ac.tz', NULL, '$2y$12$bHIuue6PTOLLEIQmT681tetcorEz6uv.vWqQlydHE8TALHglmCwu2', NULL, '2026-04-19 16:21:05', '2026-04-19 16:21:05', 1, 18, 4),
(142, 'Amina Kishimba', 'amina.kishimba.4183@student.college.ac.tz', NULL, '$2y$12$PTBrx3T8IZlQK0Cspk8VAOPq3fzZPd90hpdFKkCS0Pr5BFLENmx76', NULL, '2026-04-19 16:21:05', '2026-04-19 16:21:05', 1, 18, 4),
(143, 'Jabir Mwita', 'jabir.mwita.4184@student.college.ac.tz', NULL, '$2y$12$0RJ8ln6p97IcjmVo4bXzgOdgf1sxccH5oiV16m7kM9nAijDtfUyG6', NULL, '2026-04-19 16:21:06', '2026-04-19 16:21:06', 1, 18, 4),
(144, 'Jabir Kimaro', 'jabir.kimaro.4185@student.college.ac.tz', NULL, '$2y$12$sc/N09GU15VwmN44FoqGk.k0/vssucIfzKpM0UFiBOBW.42ZNKZne', NULL, '2026-04-19 16:21:06', '2026-04-19 16:21:06', 1, 18, 4),
(145, 'Beatrice Lema', 'beatrice.lema.4186@student.college.ac.tz', NULL, '$2y$12$/HWNTXFrkNl1lDmt7HBqg.J8r.rcPIzlD7NHC2kr75ddIKsiz4CQm', NULL, '2026-04-19 16:21:07', '2026-04-19 16:21:07', 1, 18, 4),
(146, 'Celestina Achieng', 'celestina.achieng.4191@student.college.ac.tz', NULL, '$2y$12$UMpHQBAJ0gFrNa1jrY/dtOc4v7t3NNfKkdNzI8VSWtAvkCj6HGV9C', NULL, '2026-04-19 16:21:07', '2026-04-19 16:21:07', 1, 19, 4),
(147, 'Celestina Ndungu', 'celestina.ndungu.4192@student.college.ac.tz', NULL, '$2y$12$T755ZnWxquutNuDtnc/7VeYx9qReJt/iswqRoL5SMyA9F9CN9PlvK', NULL, '2026-04-19 16:21:07', '2026-04-19 16:21:07', 1, 19, 4),
(148, 'Rahel Lukas', 'rahel.lukas.4193@student.college.ac.tz', NULL, '$2y$12$QX2cWX3oHkwF3SWvxD/SWOnQRP7vEGoKDTIXEgGRgfzUuKd3IrTH.', NULL, '2026-04-19 16:21:08', '2026-04-19 16:21:08', 1, 19, 4),
(149, 'Stella Kimaro', 'stella.kimaro.4194@student.college.ac.tz', NULL, '$2y$12$r/rHQtBJrY1QDMwrSRhZzusBZxg4mjhqO3rRu6dXLd/.f99jTfwFy', NULL, '2026-04-19 16:21:08', '2026-04-19 16:21:08', 1, 19, 4),
(150, 'Daudi Mwangi', 'daudi.mwangi.4195@student.college.ac.tz', NULL, '$2y$12$pkp3Y/BBpANLu6R2uBAzBeneHCp2OLYIPYCJQ0DgHssHnCrMcLvYS', NULL, '2026-04-19 16:21:08', '2026-04-19 16:21:08', 1, 19, 4),
(151, 'Lucy Temba', 'lucy.temba.4196@student.college.ac.tz', NULL, '$2y$12$87qMUDtiAjpM7n3PRG5GAuC3yEnf.i/ExiqMGVL8.FBj9ugWY3BMi', NULL, '2026-04-19 16:21:09', '2026-04-19 16:21:09', 1, 19, 4),
(152, 'Jabir Mwanga', 'jabir.mwanga.4201@student.college.ac.tz', NULL, '$2y$12$j/NC.Tjqt905WvpO8p1hEOdLKcdFYpNGXOuOatZQ.MEVD6yQPsEDS', NULL, '2026-04-19 16:21:09', '2026-04-19 16:21:09', 1, 20, 4),
(153, 'Zawadi Makundi', 'zawadi.makundi.4202@student.college.ac.tz', NULL, '$2y$12$5TjV2XYZkUj6dWeH7ngN/ucLHridfw5EVmzpc92r8MNJ8cUZ..EwG', NULL, '2026-04-19 16:21:09', '2026-04-19 16:21:09', 1, 20, 4),
(154, 'Neema Mwita', 'neema.mwita.4203@student.college.ac.tz', NULL, '$2y$12$gQDlwD4Ygf1W/tlASv/Gw.mSaz6i0phyPfm2x711wkqyU2JujCaNG', NULL, '2026-04-19 16:21:10', '2026-04-19 16:21:10', 1, 20, 4),
(155, 'Janet Komba', 'janet.komba.4204@student.college.ac.tz', NULL, '$2y$12$NkIgbCVHapnSCibBowFs5eDJp3qgRDS1dj/HhQwTv.uuOgU5twOne', NULL, '2026-04-19 16:21:10', '2026-04-19 16:21:10', 1, 20, 4),
(156, 'Fadhili Ngowi', 'fadhili.ngowi.4205@student.college.ac.tz', NULL, '$2y$12$OKJ.ITj4FDejuxRgFiY7hOaVA1WLjKUnEVEMOPRR/RGPe6xw0.EzK', NULL, '2026-04-19 16:21:11', '2026-04-19 16:21:11', 1, 20, 4),
(157, 'Ahmed Mganga', 'ahmed.mganga.4206@student.college.ac.tz', NULL, '$2y$12$s5E/9ZdIm75ajUkPoemwCu6OKEJ4whZDtsqJ/kQiVnX/5Ha/xKR5e', NULL, '2026-04-19 16:21:11', '2026-04-19 16:21:11', 1, 20, 4),
(158, 'Eng. Daniel Msigwa', 'hod.mech@college.ac.tz', NULL, '$2y$12$u4mjVB90QSUFNm3rQctdpOOvbmZ1Ydz9XJM6nIFjBsMBwsA3lImTm', NULL, '2026-04-19 16:21:11', '2026-04-19 16:21:11', 3, NULL, 5),
(159, 'Mr. Simon Mwakitwange', 'simon.mwakitwange@college.ac.tz', NULL, '$2y$12$xjvPL1uhG98jXsU3xSpk3enIpD5P8lt8fXPIOi3P5DKyFB/uLlr4i', NULL, '2026-04-19 16:21:12', '2026-04-19 16:21:12', 2, NULL, 5),
(160, 'Ms. Juliana Mwanga', 'juliana.mwanga@college.ac.tz', NULL, '$2y$12$9NVSptJhF7wZ57xz8icp3ebOvdU65iP0xwn7UidPGQEd4W859AVji', NULL, '2026-04-19 16:21:12', '2026-04-19 16:21:12', 2, NULL, 5),
(161, 'Mr. Robert Kishimba', 'robert.kishimba@college.ac.tz', NULL, '$2y$12$2mk0fjsxt9hIyvAV/JJEWuImPcKR5B1jL8wXQqvgr8CG2.qJhiTlq', NULL, '2026-04-19 16:21:12', '2026-04-19 16:21:12', 2, NULL, 5),
(162, 'Ms. Catherine Mushi', 'catherine.mushi@college.ac.tz', NULL, '$2y$12$0f1QRv/mHa0q50i2jIzAhOo9Ui4pb0OGAaKxWrF6ZP.U8tkUzTVLi', NULL, '2026-04-19 16:21:13', '2026-04-19 16:21:13', 2, NULL, 5),
(163, 'Mr. Andrew Mganga', 'andrew.mganga@college.ac.tz', NULL, '$2y$12$pOf8scl5.jSGi9AwR33LpuydbRoOifOQ/DUt9Vk7nTqdWFumd68aC', NULL, '2026-04-19 16:21:13', '2026-04-19 16:21:13', 2, NULL, 5),
(164, 'Ms. Irene Mwita', 'irene.mwita@college.ac.tz', NULL, '$2y$12$TYxAqqBvmYFvXyraGddDIezdukOOeMPhLOJ7RkPSmdtGIS2NoXSD.', NULL, '2026-04-19 16:21:13', '2026-04-19 16:21:13', 2, NULL, 5),
(165, 'Mr. Oscar Nchimbi', 'oscar.nchimbi@college.ac.tz', NULL, '$2y$12$O8Vhlwpyr5p5UuU8Tyj99u8QjK/i0DILXbxy7I9CPSpqC3bIHIVqq', NULL, '2026-04-19 16:21:14', '2026-04-19 16:21:14', 2, NULL, 5),
(166, 'Diana Mganga', 'diana.mganga.5211@student.college.ac.tz', NULL, '$2y$12$LaUa993.HGwaPMkLJb.H5etIrpaAJOZUmGwL4TxBc.IgSdHf7Tj1i', NULL, '2026-04-19 16:21:14', '2026-04-19 16:21:14', 1, 21, 5),
(167, 'Daudi Okonkwo', 'daudi.okonkwo.5212@student.college.ac.tz', NULL, '$2y$12$MAL4v3LXUgYKo8oc1pOAg.LFn7AJsv/jlpEb1zH.HBSqT8TzpQHKK', NULL, '2026-04-19 16:21:15', '2026-04-19 16:21:15', 1, 21, 5),
(168, 'Ahmed Mwita', 'ahmed.mwita.5213@student.college.ac.tz', NULL, '$2y$12$8CHm0HTFZpYH9z7l.ShWDekBFk7EFmnsTIGOom4jJ1n6.0oeUNpf.', NULL, '2026-04-19 16:21:15', '2026-04-19 16:21:15', 1, 21, 5),
(169, 'Ibrahim Ally', 'ibrahim.ally.5214@student.college.ac.tz', NULL, '$2y$12$/qd8sgOpAPpGKcjlXnvbIe23DRHciqjhQJomQsqHWZww/VP9EDPyu', NULL, '2026-04-19 16:21:15', '2026-04-19 16:21:15', 1, 21, 5),
(170, 'Nadia Ndungu', 'nadia.ndungu.5215@student.college.ac.tz', NULL, '$2y$12$0BiU0k4VmIgFnpQy/9B6ieANAcnp5suTE6XIuu8PKV7naqsmAISSC', NULL, '2026-04-19 16:21:16', '2026-04-19 16:21:16', 1, 21, 5),
(171, 'Esther Mlay', 'esther.mlay.5216@student.college.ac.tz', NULL, '$2y$12$kgvBopUoIN9LiGORhnJ9A.mZy8yzcFIgQgFKXQyEdze00q6Vzo49m', NULL, '2026-04-19 16:21:16', '2026-04-19 16:21:16', 1, 21, 5),
(172, 'Hannah Makundi', 'hannah.makundi.5221@student.college.ac.tz', NULL, '$2y$12$Z72wALYJZxIU4Ky/F1nVTupF.R2/dXqWIrhqtRNDAI0TB/DkH4qXW', NULL, '2026-04-19 16:21:16', '2026-04-19 16:21:16', 1, 22, 5),
(173, 'Kevin Mtui', 'kevin.mtui.5222@student.college.ac.tz', NULL, '$2y$12$7qBvg5Lzk1dsMePKbMSzvezZ6.teFrK830VvnNr2YTDuF.JeSPLT.', NULL, '2026-04-19 16:21:17', '2026-04-19 16:21:17', 1, 22, 5),
(174, 'George Macha', 'george.macha.5223@student.college.ac.tz', NULL, '$2y$12$lGj6WW2xgbOgHtT6Z.DId.pektb297qlwt/z4ba43waLCrtqwQaJa', NULL, '2026-04-19 16:21:17', '2026-04-19 16:21:17', 1, 22, 5),
(175, 'Hassan Hamisi', 'hassan.hamisi.5224@student.college.ac.tz', NULL, '$2y$12$mHOxQh4sF64Q40Hp5DwlnuNG4hXUx37bxSqJp7OpbjVfLpA1kwq.m', NULL, '2026-04-19 16:21:17', '2026-04-19 16:21:17', 1, 22, 5),
(176, 'Wanjiku Lukas', 'wanjiku.lukas.5225@student.college.ac.tz', NULL, '$2y$12$X1WOiT/fx9DBa7cviE5F8.lbGvuIt2iqH1P2yw8HXsVQBKMG/z1gG', NULL, '2026-04-19 16:21:18', '2026-04-19 16:21:18', 1, 22, 5),
(177, 'Penina Mmari', 'penina.mmari.5226@student.college.ac.tz', NULL, '$2y$12$Sg4O1APWKN5cDlRqa7U5HOFedzvJFSqpni7SDHUzR8.sKvHsGjszS', NULL, '2026-04-19 16:21:18', '2026-04-19 16:21:18', 1, 22, 5),
(178, 'Upendo Mwema', 'upendo.mwema.5231@student.college.ac.tz', NULL, '$2y$12$6mCFVBFQei8avrbyvL7SA.9WweNIqRO8XxGoozlhTihB/mtjHWjky', NULL, '2026-04-19 16:21:19', '2026-04-19 16:21:19', 1, 23, 5),
(179, 'Yusuf Mtanga', 'yusuf.mtanga.5232@student.college.ac.tz', NULL, '$2y$12$SI8A24QrVMYDtQkJcjTxFOGnenboPNmr2ju3TeCDdfqKeDr0D9iI6', NULL, '2026-04-19 16:21:19', '2026-04-19 16:21:19', 1, 23, 5),
(180, 'Quentin Kimaro', 'quentin.kimaro.5233@student.college.ac.tz', NULL, '$2y$12$AKrInq/vO/5SuXqSVWbqFOUSgqeRgfuc5fggmXEsN5rhYhYleM/Q.', NULL, '2026-04-19 16:21:19', '2026-04-19 16:21:19', 1, 23, 5),
(181, 'Grace Achieng', 'grace.achieng.5234@student.college.ac.tz', NULL, '$2y$12$pxpvoWngXoKgxbyELr1Ir.eZI5peXbcy.N7mDN415D8BYf060keFy', NULL, '2026-04-19 16:21:20', '2026-04-19 16:21:20', 1, 23, 5),
(182, 'Lucy Hamisi', 'lucy.hamisi.5235@student.college.ac.tz', NULL, '$2y$12$1FjKr36NiJM.KQSXXgduOO58oU/v1E/VKDkq2j2I7Q6Pwn3/GiQNO', NULL, '2026-04-19 16:21:20', '2026-04-19 16:21:20', 1, 23, 5),
(183, 'Beatrice Omari', 'beatrice.omari.5236@student.college.ac.tz', NULL, '$2y$12$jwA4TWZ6HXPUbGXGbgYjquDMY7VNJzYfK102gyI8Q1qBGFK2MVemm', NULL, '2026-04-19 16:21:20', '2026-04-19 16:21:20', 1, 23, 5),
(184, 'Beatrice Omari', 'beatrice.omari.5241@student.college.ac.tz', NULL, '$2y$12$G0mM/iGpFOsbc58rNkjPDe8sbhi3IbFc4Nkq2VLBD99dGCPOH61Mu', NULL, '2026-04-19 16:21:21', '2026-04-19 16:21:21', 1, 24, 5),
(185, 'Nadia Mchome', 'nadia.mchome.5242@student.college.ac.tz', NULL, '$2y$12$zN8mqMdKtPo1isOFaCqmGOXyh1hoofK.6lo7HPQ2H5DnxCFEQnnCC', NULL, '2026-04-19 16:21:21', '2026-04-19 16:21:21', 1, 24, 5),
(186, 'Victor Lukas', 'victor.lukas.5243@student.college.ac.tz', NULL, '$2y$12$vk0IzAQ72xorIIGV1tliwuSVYw57vf.VZurfidUq0I2262FhwVlYi', NULL, '2026-04-19 16:21:21', '2026-04-19 16:21:21', 1, 24, 5),
(187, 'Florence Mlay', 'florence.mlay.5244@student.college.ac.tz', NULL, '$2y$12$5dLvIiGkImC4Md1t3AM61OPJm4dQ4ia/rJeAhMpbrMqBADYNHoODq', NULL, '2026-04-19 16:21:22', '2026-04-19 16:21:22', 1, 24, 5),
(188, 'Ummi Rashid', 'ummi.rashid.5245@student.college.ac.tz', NULL, '$2y$12$jjYqp33pYkHui3GjdK5khulI5L83VEO9Zjb6No2sTi.sIuuzlKYIi', NULL, '2026-04-19 16:21:22', '2026-04-19 16:21:22', 1, 24, 5),
(189, 'George Mlay', 'george.mlay.5246@student.college.ac.tz', NULL, '$2y$12$AIP/2aepN9buMoJ62x1ZH.jS6S35QQ/ICZPhgRAvWT1hfhj11WDna', NULL, '2026-04-19 16:21:23', '2026-04-19 16:21:23', 1, 24, 5),
(190, 'Salim Nyerere', 'salim.nyerere.5251@student.college.ac.tz', NULL, '$2y$12$QunsNdDszXf.3SDfD.f/kOU4AZ01b1vL5zSFGJeuKG5BnIWb5y3uC', NULL, '2026-04-19 16:21:23', '2026-04-19 16:21:23', 1, 25, 5),
(191, 'Zawadi Achieng', 'zawadi.achieng.5252@student.college.ac.tz', NULL, '$2y$12$.3nO8/yAjoBqQI0hRL5HaOdqvgg3r5PRpRikEcH.jsYympHg4/N9C', NULL, '2026-04-19 16:21:24', '2026-04-19 16:21:24', 1, 25, 5),
(192, 'Winnie Omari', 'winnie.omari.5253@student.college.ac.tz', NULL, '$2y$12$Qf5bf/8KB.5b1QW/1gpnEeD8.VzjiH0JCkIribSvnnAmeOCNwSWoC', NULL, '2026-04-19 16:21:24', '2026-04-19 16:21:24', 1, 25, 5),
(193, 'Ibrahim Lema', 'ibrahim.lema.5254@student.college.ac.tz', NULL, '$2y$12$M7rX2us60BbwaqKaOq74Y.hD79Wp5T87pv5ST4OyHlj6hqkNkC5ca', NULL, '2026-04-19 16:21:24', '2026-04-19 16:21:24', 1, 25, 5),
(194, 'Amina Macha', 'amina.macha.5255@student.college.ac.tz', NULL, '$2y$12$Dr0PnyFmJorVkAXRT2pRX.681x3wA6aPccp3kAb3YqYW7SETWSfO.', NULL, '2026-04-19 16:21:25', '2026-04-19 16:21:25', 1, 25, 5),
(195, 'Yusuf Njau', 'yusuf.njau.5256@student.college.ac.tz', NULL, '$2y$12$k5xve5sawzHDP0twalf7D.JeYy3knIHNmNQTbZnVnjR/okrSolmB.', NULL, '2026-04-19 16:21:25', '2026-04-19 16:21:25', 1, 25, 5),
(196, 'Eng. Joseph Macha', 'hod.auto@college.ac.tz', NULL, '$2y$12$.CUWAId6J2JXNRG.4O7NGOYR8nPjeaRdO2LBCGtDfaLdyYEn5FlLW', NULL, '2026-04-19 16:21:25', '2026-04-19 16:21:25', 3, NULL, 6),
(197, 'Mr. Emmanuel Mwanga', 'emmanuel.mwanga@college.ac.tz', NULL, '$2y$12$hWpCZ9splMT5QIDPguwMnuIVhy7SpQ3KqOiB.1bHhrGm7w0ctpqFq', NULL, '2026-04-19 16:21:26', '2026-04-19 16:21:26', 2, NULL, 6),
(198, 'Ms. Veronica Mhagama', 'veronica.mhagama@college.ac.tz', NULL, '$2y$12$w.68G7Oit1nNzKVMNpV0Kewulfnkk9sey4R7k/nRaLJgBmKVAA/ce', NULL, '2026-04-19 16:21:26', '2026-04-19 16:21:26', 2, NULL, 6),
(199, 'Mr. Leonard Mkude', 'leonard.mkude@college.ac.tz', NULL, '$2y$12$umX1PibOJoXYhoQ/ytS.V.HCB4phacP/8Tny6BhlX1o4J9K4v/6lm', NULL, '2026-04-19 16:21:26', '2026-04-19 16:21:26', 2, NULL, 6),
(200, 'Ms. Ruth Mwakalobo', 'ruth.mwakalobo@college.ac.tz', NULL, '$2y$12$Xd6BEzP/eG2cyabrDmA7Nei0nGwlNxZTvCaw9.q.WRsEbRppX5m1O', NULL, '2026-04-19 16:21:27', '2026-04-19 16:21:27', 2, NULL, 6),
(201, 'Mr. Stephen Ndonde', 'stephen.ndonde@college.ac.tz', NULL, '$2y$12$SxDIMJN/FZgx6yg47Z11K.nQY1QvEBC59mDlwujpXwG6jo4P5d4hi', NULL, '2026-04-19 16:21:27', '2026-04-19 16:21:27', 2, NULL, 6),
(202, 'Ms. Agatha Mwamuye', 'agatha.mwamuye@college.ac.tz', NULL, '$2y$12$7sdAvv8KU0jSsfv22qHf8uaAwDOoJ/EzxHJyAMpjELvd1JuX2jbW.', NULL, '2026-04-19 16:21:27', '2026-04-19 16:21:27', 2, NULL, 6),
(203, 'Mr. Michael Mtaani', 'michael.mtaani@college.ac.tz', NULL, '$2y$12$ToqivERpQyJo1sfjKJ3t7.2rftQL/fR55JIT0VBdiT/Nr70.CMOG6', NULL, '2026-04-19 16:21:28', '2026-04-19 16:21:28', 2, NULL, 6),
(204, 'Upendo Mchome', 'upendo.mchome.6261@student.college.ac.tz', NULL, '$2y$12$f5klAi6tCvsj787DUGp38.Faz3sh0f/KeMNcvnJjKdD/Q9zOw5ykS', NULL, '2026-04-19 16:21:28', '2026-04-19 16:21:28', 1, 26, 6),
(205, 'Carlos Mwanga', 'carlos.mwanga.6262@student.college.ac.tz', NULL, '$2y$12$pdKn/PtxqlWCTWa8RCtd..cxLgC4PeZ02v311swXlQPKRftv6uGL6', NULL, '2026-04-19 16:21:29', '2026-04-19 16:21:29', 1, 26, 6),
(206, 'Upendo Lukas', 'upendo.lukas.6263@student.college.ac.tz', NULL, '$2y$12$uAnez21THOqhYZNGLVu/SOW7hk7mUYg2QlMYyI28Kl9xA/8pw4Kh6', NULL, '2026-04-19 16:21:29', '2026-04-19 16:21:29', 1, 26, 6),
(207, 'Amina Ndonde', 'amina.ndonde.6264@student.college.ac.tz', NULL, '$2y$12$XTybCT833ixnFmZd5J3R0OfbN6rEtmenuGq9rdGnxWAZzEbHbPvke', NULL, '2026-04-19 16:21:29', '2026-04-19 16:21:29', 1, 26, 6),
(208, 'Amina Njau', 'amina.njau.6265@student.college.ac.tz', NULL, '$2y$12$vjG6kfCg0O4F3MxLTuDf9eYo64GeG8XpPBblYiU6ZiTNa5FPzuo2.', NULL, '2026-04-19 16:21:30', '2026-04-19 16:21:30', 1, 26, 6),
(209, 'Jabir Mwanga', 'jabir.mwanga.6266@student.college.ac.tz', NULL, '$2y$12$1xOxDkFWZlCLiNiMSOaVru2SZOXNO.XV//.ZYnIbXES3fzx4rh2nq', NULL, '2026-04-19 16:21:30', '2026-04-19 16:21:30', 1, 26, 6),
(210, 'Quentin Macha', 'quentin.macha.6271@student.college.ac.tz', NULL, '$2y$12$rysUihnJ6HkI.b3bgh6uveURZAoVdfaT3gmlxpR0uFMHvWv9GWICO', NULL, '2026-04-19 16:21:30', '2026-04-19 16:21:30', 1, 27, 6),
(211, 'Rahel Mmari', 'rahel.mmari.6272@student.college.ac.tz', NULL, '$2y$12$EDY2r0h/xc7AkfFMkJgBjOPmbEmZCVYPVNTKpbJcs5ECaXyZtdd4G', NULL, '2026-04-19 16:21:31', '2026-04-19 16:21:31', 1, 27, 6),
(212, 'Esther Mchome', 'esther.mchome.6273@student.college.ac.tz', NULL, '$2y$12$M./HSzpIQu5.e2CWb3oJJ.v9.GLd1jNA8ViHZxgpIDpDW1yUctJAy', NULL, '2026-04-19 16:21:31', '2026-04-19 16:21:31', 1, 27, 6),
(213, 'Rahel Ndungu', 'rahel.ndungu.6274@student.college.ac.tz', NULL, '$2y$12$J9NKlm/DsGerGL0S3XryOexminrURUrx4mXFnGV55Wf5WX/OUfaK2', NULL, '2026-04-19 16:21:31', '2026-04-19 16:21:31', 1, 27, 6),
(214, 'Priscilla Nyerere', 'priscilla.nyerere.6275@student.college.ac.tz', NULL, '$2y$12$rLGBBYA4zsLXiJQgz3OHNe0.TiXM0I9y2G.yI0SVD6mbB9ZjsCHcy', NULL, '2026-04-19 16:21:32', '2026-04-19 16:21:32', 1, 27, 6),
(215, 'Irene Mwema', 'irene.mwema.6276@student.college.ac.tz', NULL, '$2y$12$1Xrkuy0QYsQJ8btDfc.I/u.qsDLJbPHszGOAW3cc.JzsvpCDbOZoC', NULL, '2026-04-19 16:21:32', '2026-04-19 16:21:32', 1, 27, 6),
(216, 'Wanjiku Kishimba', 'wanjiku.kishimba.6281@student.college.ac.tz', NULL, '$2y$12$4z69CHrnajz1UVN0xjtafe1psED5gw3CFnuLhBNPA/JYJd6H9Icd6', NULL, '2026-04-19 16:21:32', '2026-04-19 16:21:32', 1, 28, 6),
(217, 'Vincent Mwakitwange', 'vincent.mwakitwange.6282@student.college.ac.tz', NULL, '$2y$12$cjaVqM.Cvjwb7DCAwGGhiu0E8ofMvDfcYWBsC8MhuGzvEtoqa8n9q', NULL, '2026-04-19 16:21:33', '2026-04-19 16:21:33', 1, 28, 6),
(218, 'Florence Mtanga', 'florence.mtanga.6283@student.college.ac.tz', NULL, '$2y$12$atN7y683LgHaWfC9i39KC.2rGkuFr5iBU90lkEUboetP8MQGwKH/e', NULL, '2026-04-19 16:21:33', '2026-04-19 16:21:33', 1, 28, 6),
(219, 'Bakari Wambua', 'bakari.wambua.6284@student.college.ac.tz', NULL, '$2y$12$L02Ad.iOc0TO7zf0jA7dh.AyecEdYSF8POAH17jd.o.go7tFNAP/a', NULL, '2026-04-19 16:21:33', '2026-04-19 16:21:33', 1, 28, 6),
(220, 'Irene Okonkwo', 'irene.okonkwo.6285@student.college.ac.tz', NULL, '$2y$12$2o0JTD5sw2ei3tYkW98tZevys8DshJfwy840jP.XyCozxvKWMeMDK', NULL, '2026-04-19 16:21:34', '2026-04-19 16:21:34', 1, 28, 6),
(221, 'Oscar Mwangi', 'oscar.mwangi.6286@student.college.ac.tz', NULL, '$2y$12$vztBr35LXUpA31/G1jyYHe1iRRmeeKhwSwOYvbtiaUx.P0NNohAwu', NULL, '2026-04-19 16:21:34', '2026-04-19 16:21:34', 1, 28, 6),
(222, 'Beatrice Mtanga', 'beatrice.mtanga.6291@student.college.ac.tz', NULL, '$2y$12$q/gAHWYy64N5s5a3ZaggrOUDXB4qzVeeIexSJRzACbUChKOjbMVBe', NULL, '2026-04-19 16:21:34', '2026-04-19 16:21:34', 1, 29, 6),
(223, 'Hassan Kimani', 'hassan.kimani.6292@student.college.ac.tz', NULL, '$2y$12$ysLKzNZ/fEZn/djzxuPrwOcp0E4jLsJ0DY6cxSqqIyk.gSjMnAqTm', NULL, '2026-04-19 16:21:35', '2026-04-19 16:21:35', 1, 29, 6),
(224, 'Edwin Rashid', 'edwin.rashid.6293@student.college.ac.tz', NULL, '$2y$12$PBfuWCw9fzVXH1nZhMGdPOncBWoqR4eqbgqNungBzu01D2y7Do66C', NULL, '2026-04-19 16:21:35', '2026-04-19 16:21:35', 1, 29, 6),
(225, 'Diana Mkude', 'diana.mkude.6294@student.college.ac.tz', NULL, '$2y$12$gXNSWzA9S8xJd9qF8xk4TO75O5.VcQ/H.l5Hu8Du6ZvVcTX1reF3e', NULL, '2026-04-19 16:21:35', '2026-04-19 16:21:35', 1, 29, 6),
(226, 'Zawadi Nyerere', 'zawadi.nyerere.6295@student.college.ac.tz', NULL, '$2y$12$QBd5VnD7LG2PbcW12.oUpeRD2Aqrc8kMC37f.E947ZjDZXjKx8zr2', NULL, '2026-04-19 16:21:36', '2026-04-19 16:21:36', 1, 29, 6),
(227, 'Priscilla Mtanga', 'priscilla.mtanga.6296@student.college.ac.tz', NULL, '$2y$12$FTUgHE.PYUSg6f.LezDD.esqapOPjsDss024HG0XBP1LZXAJAZW1C', NULL, '2026-04-19 16:21:36', '2026-04-19 16:21:36', 1, 29, 6),
(228, 'Ahmed Mtanga', 'ahmed.mtanga.6301@student.college.ac.tz', NULL, '$2y$12$R6A4ck/rWKagfLPS1QcqgeVECCj086z8N6ZiS/VIkTw04cwbaDGye', NULL, '2026-04-19 16:21:36', '2026-04-19 16:21:36', 1, 30, 6),
(229, 'Celestina Mwita', 'celestina.mwita.6302@student.college.ac.tz', NULL, '$2y$12$v6NCDCiCJQxOqpBuChPL8e3xVHeRmtGPDUvJnbwe8iGJyUNQRb/ou', NULL, '2026-04-19 16:21:37', '2026-04-19 16:21:37', 1, 30, 6),
(230, 'Latifa Komba', 'latifa.komba.6303@student.college.ac.tz', NULL, '$2y$12$GUFTjc0fQrVKa5qKdO.H9OywwaxTOEVftk55MBVvtlmS2AkNp7472', NULL, '2026-04-19 16:21:37', '2026-04-19 16:21:37', 1, 30, 6),
(231, 'Ahmed Juma', 'ahmed.juma.6304@student.college.ac.tz', NULL, '$2y$12$28DL5b8rwT.LT1R8li1ue.1eicwsNkSEGrEYc1FTyVGWJMArPZBFu', NULL, '2026-04-19 16:21:37', '2026-04-19 16:21:37', 1, 30, 6),
(232, 'Bakari Kimani', 'bakari.kimani.6305@student.college.ac.tz', NULL, '$2y$12$HQIQmPh0l4T6dzP9/sEUIO.3ezmZEszstw5UwYtrP0.Xeo8zgj50C', NULL, '2026-04-19 16:21:38', '2026-04-19 16:21:38', 1, 30, 6),
(233, 'Oscar Ndungu', 'oscar.ndungu.6306@student.college.ac.tz', NULL, '$2y$12$YpaLRjrtiNUbiBbLbT4aZuPFuKq/7pkQqsNeuPqw7gxy9N/Q8A1bO', NULL, '2026-04-19 16:21:38', '2026-04-19 16:21:38', 1, 30, 6),
(234, 'ds', 'ds@direcademi.com', NULL, '$2y$12$bL0CWlYDnqbNFg1fyN9HiOdnuk..N7V0XUGxRrczQHvmm//Uk3Z1u', NULL, '2026-04-05 14:34:24', '2026-04-05 14:34:24', 7, NULL, NULL),
(235, 'exmaniaofcer', 'ex@exmaniaofcer', NULL, '$2y$12$Qu/1e662aIjpJ9vDovXYVuvnR4sCIZaKKH4JXDPCLdRZi1jG/Qxsi', NULL, '2026-04-06 03:32:58', '2026-04-06 03:32:58', 5, NULL, NULL),
(236, 'registrar', 'reg@registrar.com', NULL, '$2y$12$5wswZcqo8.rPXtPyOGCLL.4MJQ5Jp.J9LOBXIY4cGw1WfdhD8NBpq', NULL, '2026-04-06 07:49:20', '2026-04-06 07:49:20', 4, NULL, NULL),
(237, 'qualityassurance', 'qr@qualityassurance.com', NULL, '$2y$12$I5LVe3YztLTd8Qr/GGRdD.js08szOisRjFsBrpyL80539xjpJXYuW', NULL, '2026-04-06 07:58:00', '2026-04-06 07:58:00', 6, NULL, NULL),
(238, 'rector', 'rector@atc.com', NULL, '$2y$12$uyMEm1u6kEJNQWnBSXhSfeJXztvdTuH72Tyz1R7oyd1VyfRATnxSC', NULL, '2026-04-06 08:03:12', '2026-04-06 08:03:12', 8, NULL, NULL);

-- --------------------------------------------------------

--
-- Table structure for table `weeks`
--

CREATE TABLE `weeks` (
  `id` bigint(20) UNSIGNED NOT NULL,
  `week_name` varchar(255) NOT NULL,
  `created_at` timestamp NULL DEFAULT NULL,
  `updated_at` timestamp NULL DEFAULT NULL
) ENGINE=InnoDB DEFAULT CHARSET=utf8mb4 COLLATE=utf8mb4_unicode_ci;

--
-- Dumping data for table `weeks`
--

INSERT INTO `weeks` (`id`, `week_name`, `created_at`, `updated_at`) VALUES
(1, 'Week 1', '2026-04-19 16:21:42', '2026-04-19 16:21:42'),
(2, 'Week 2', '2026-04-19 16:21:42', '2026-04-19 16:21:42'),
(3, 'Week 3', '2026-04-19 16:21:42', '2026-04-19 16:21:42'),
(4, 'Week 4', '2026-04-19 16:21:42', '2026-04-19 16:21:42'),
(5, 'Week 5', '2026-04-19 16:21:42', '2026-04-19 16:21:42'),
(6, 'Week 6', '2026-04-19 16:21:42', '2026-04-19 16:21:42'),
(7, 'Week 7', '2026-04-19 16:21:42', '2026-04-19 16:21:42'),
(8, 'Week 8', '2026-04-19 16:21:42', '2026-04-19 16:21:42'),
(9, 'Week 9', '2026-04-19 16:21:42', '2026-04-19 16:21:42'),
(10, 'Week 10', '2026-04-19 16:21:42', '2026-04-19 16:21:42'),
(11, 'Week 11', '2026-04-19 16:21:42', '2026-04-19 16:21:42'),
(12, 'Week 12', '2026-04-19 16:21:42', '2026-04-19 16:21:42'),
(13, 'Week 13', '2026-04-19 16:21:42', '2026-04-19 16:21:42'),
(14, 'Week 14', '2026-04-19 16:21:42', '2026-04-19 16:21:42'),
(15, 'Week 15', '2026-04-19 16:21:42', '2026-04-19 16:21:42');

--
-- Indexes for dumped tables
--

--
-- Indexes for table `attendances`
--
ALTER TABLE `attendances`
  ADD PRIMARY KEY (`id`),
  ADD KEY `attendances_module_distribution_id_foreign` (`module_distribution_id`),
  ADD KEY `attendances_class_timing_id_foreign` (`class_timing_id`),
  ADD KEY `attendances_student_id_foreign` (`student_id`),
  ADD KEY `attendances_fingerprint_lookup_index` (`week_id`,`attendance_source`,`student_id`,`class_timing_id`,`module_distribution_id`);

--
-- Indexes for table `cache`
--
ALTER TABLE `cache`
  ADD PRIMARY KEY (`key`),
  ADD KEY `cache_expiration_index` (`expiration`);

--
-- Indexes for table `cache_locks`
--
ALTER TABLE `cache_locks`
  ADD PRIMARY KEY (`key`),
  ADD KEY `cache_locks_expiration_index` (`expiration`);

--
-- Indexes for table `class_timings`
--
ALTER TABLE `class_timings`
  ADD PRIMARY KEY (`id`),
  ADD KEY `class_timings_week_id_foreign` (`week_id`),
  ADD KEY `class_timings_module_distribution_id_week_id_day_index` (`module_distribution_id`,`week_id`,`day`);

--
-- Indexes for table `departments`
--
ALTER TABLE `departments`
  ADD PRIMARY KEY (`id`);

--
-- Indexes for table `devices`
--
ALTER TABLE `devices`
  ADD PRIMARY KEY (`id`),
  ADD UNIQUE KEY `devices_device_uid_unique` (`device_uid`);

--
-- Indexes for table `failed_jobs`
--
ALTER TABLE `failed_jobs`
  ADD PRIMARY KEY (`id`),
  ADD UNIQUE KEY `failed_jobs_uuid_unique` (`uuid`);

--
-- Indexes for table `hods`
--
ALTER TABLE `hods`
  ADD PRIMARY KEY (`id`),
  ADD KEY `hods_user_id_foreign` (`user_id`),
  ADD KEY `hods_department_id_foreign` (`department_id`);

--
-- Indexes for table `jobs`
--
ALTER TABLE `jobs`
  ADD PRIMARY KEY (`id`),
  ADD KEY `jobs_queue_index` (`queue`);

--
-- Indexes for table `job_batches`
--
ALTER TABLE `job_batches`
  ADD PRIMARY KEY (`id`);

--
-- Indexes for table `lecturers`
--
ALTER TABLE `lecturers`
  ADD PRIMARY KEY (`id`),
  ADD KEY `lecturers_user_id_foreign` (`user_id`),
  ADD KEY `lecturers_department_id_foreign` (`department_id`);

--
-- Indexes for table `migrations`
--
ALTER TABLE `migrations`
  ADD PRIMARY KEY (`id`);

--
-- Indexes for table `modules`
--
ALTER TABLE `modules`
  ADD PRIMARY KEY (`id`),
  ADD UNIQUE KEY `modules_module_code_unique` (`module_code`),
  ADD KEY `modules_program_id_foreign` (`program_id`);

--
-- Indexes for table `module_distributions`
--
ALTER TABLE `module_distributions`
  ADD PRIMARY KEY (`id`),
  ADD KEY `module_distributions_user_id_foreign` (`user_id`),
  ADD KEY `module_distributions_module_id_foreign` (`module_id`);

--
-- Indexes for table `password_reset_tokens`
--
ALTER TABLE `password_reset_tokens`
  ADD PRIMARY KEY (`email`);

--
-- Indexes for table `programs`
--
ALTER TABLE `programs`
  ADD PRIMARY KEY (`id`),
  ADD KEY `programs_department_id_foreign` (`department_id`);

--
-- Indexes for table `roles`
--
ALTER TABLE `roles`
  ADD PRIMARY KEY (`id`);

--
-- Indexes for table `sessions`
--
ALTER TABLE `sessions`
  ADD PRIMARY KEY (`id`),
  ADD KEY `sessions_user_id_index` (`user_id`),
  ADD KEY `sessions_last_activity_index` (`last_activity`);

--
-- Indexes for table `students`
--
ALTER TABLE `students`
  ADD PRIMARY KEY (`id`),
  ADD UNIQUE KEY `students_fingerprint_id_unique` (`fingerprint_id`),
  ADD UNIQUE KEY `students_admin_number_unique` (`admin_number`),
  ADD KEY `students_user_id_foreign` (`user_id`),
  ADD KEY `students_program_id_foreign` (`program_id`);

--
-- Indexes for table `users`
--
ALTER TABLE `users`
  ADD PRIMARY KEY (`id`),
  ADD UNIQUE KEY `users_email_unique` (`email`),
  ADD KEY `users_role_id_foreign` (`role_id`),
  ADD KEY `users_program_id_foreign` (`program_id`),
  ADD KEY `users_department_id_foreign` (`department_id`);

--
-- Indexes for table `weeks`
--
ALTER TABLE `weeks`
  ADD PRIMARY KEY (`id`);

--
-- AUTO_INCREMENT for dumped tables
--

--
-- AUTO_INCREMENT for table `attendances`
--
ALTER TABLE `attendances`
  MODIFY `id` bigint(20) UNSIGNED NOT NULL AUTO_INCREMENT, AUTO_INCREMENT=4;

--
-- AUTO_INCREMENT for table `class_timings`
--
ALTER TABLE `class_timings`
  MODIFY `id` bigint(20) UNSIGNED NOT NULL AUTO_INCREMENT, AUTO_INCREMENT=429;

--
-- AUTO_INCREMENT for table `departments`
--
ALTER TABLE `departments`
  MODIFY `id` bigint(20) UNSIGNED NOT NULL AUTO_INCREMENT, AUTO_INCREMENT=7;

--
-- AUTO_INCREMENT for table `devices`
--
ALTER TABLE `devices`
  MODIFY `id` bigint(20) UNSIGNED NOT NULL AUTO_INCREMENT, AUTO_INCREMENT=2;

--
-- AUTO_INCREMENT for table `failed_jobs`
--
ALTER TABLE `failed_jobs`
  MODIFY `id` bigint(20) UNSIGNED NOT NULL AUTO_INCREMENT;

--
-- AUTO_INCREMENT for table `hods`
--
ALTER TABLE `hods`
  MODIFY `id` bigint(20) UNSIGNED NOT NULL AUTO_INCREMENT, AUTO_INCREMENT=7;

--
-- AUTO_INCREMENT for table `jobs`
--
ALTER TABLE `jobs`
  MODIFY `id` bigint(20) UNSIGNED NOT NULL AUTO_INCREMENT;

--
-- AUTO_INCREMENT for table `lecturers`
--
ALTER TABLE `lecturers`
  MODIFY `id` bigint(20) UNSIGNED NOT NULL AUTO_INCREMENT, AUTO_INCREMENT=43;

--
-- AUTO_INCREMENT for table `migrations`
--
ALTER TABLE `migrations`
  MODIFY `id` int(10) UNSIGNED NOT NULL AUTO_INCREMENT, AUTO_INCREMENT=23;

--
-- AUTO_INCREMENT for table `modules`
--
ALTER TABLE `modules`
  MODIFY `id` bigint(20) UNSIGNED NOT NULL AUTO_INCREMENT, AUTO_INCREMENT=215;

--
-- AUTO_INCREMENT for table `module_distributions`
--
ALTER TABLE `module_distributions`
  MODIFY `id` bigint(20) UNSIGNED NOT NULL AUTO_INCREMENT, AUTO_INCREMENT=215;

--
-- AUTO_INCREMENT for table `programs`
--
ALTER TABLE `programs`
  MODIFY `id` bigint(20) UNSIGNED NOT NULL AUTO_INCREMENT, AUTO_INCREMENT=31;

--
-- AUTO_INCREMENT for table `roles`
--
ALTER TABLE `roles`
  MODIFY `id` bigint(20) UNSIGNED NOT NULL AUTO_INCREMENT, AUTO_INCREMENT=9;

--
-- AUTO_INCREMENT for table `students`
--
ALTER TABLE `students`
  MODIFY `id` bigint(20) UNSIGNED NOT NULL AUTO_INCREMENT, AUTO_INCREMENT=181;

--
-- AUTO_INCREMENT for table `users`
--
ALTER TABLE `users`
  MODIFY `id` bigint(20) UNSIGNED NOT NULL AUTO_INCREMENT, AUTO_INCREMENT=239;

--
-- AUTO_INCREMENT for table `weeks`
--
ALTER TABLE `weeks`
  MODIFY `id` bigint(20) UNSIGNED NOT NULL AUTO_INCREMENT, AUTO_INCREMENT=16;

--
-- Constraints for dumped tables
--

--
-- Constraints for table `attendances`
--
ALTER TABLE `attendances`
  ADD CONSTRAINT `attendances_class_timing_id_foreign` FOREIGN KEY (`class_timing_id`) REFERENCES `class_timings` (`id`) ON DELETE SET NULL,
  ADD CONSTRAINT `attendances_module_distribution_id_foreign` FOREIGN KEY (`module_distribution_id`) REFERENCES `module_distributions` (`id`) ON DELETE CASCADE,
  ADD CONSTRAINT `attendances_student_id_foreign` FOREIGN KEY (`student_id`) REFERENCES `students` (`id`) ON DELETE CASCADE,
  ADD CONSTRAINT `attendances_week_id_foreign` FOREIGN KEY (`week_id`) REFERENCES `weeks` (`id`) ON DELETE SET NULL;

--
-- Constraints for table `class_timings`
--
ALTER TABLE `class_timings`
  ADD CONSTRAINT `class_timings_module_distribution_id_foreign` FOREIGN KEY (`module_distribution_id`) REFERENCES `module_distributions` (`id`) ON DELETE CASCADE,
  ADD CONSTRAINT `class_timings_week_id_foreign` FOREIGN KEY (`week_id`) REFERENCES `weeks` (`id`) ON DELETE SET NULL;

--
-- Constraints for table `hods`
--
ALTER TABLE `hods`
  ADD CONSTRAINT `hods_department_id_foreign` FOREIGN KEY (`department_id`) REFERENCES `departments` (`id`) ON DELETE CASCADE,
  ADD CONSTRAINT `hods_user_id_foreign` FOREIGN KEY (`user_id`) REFERENCES `users` (`id`) ON DELETE CASCADE;

--
-- Constraints for table `lecturers`
--
ALTER TABLE `lecturers`
  ADD CONSTRAINT `lecturers_department_id_foreign` FOREIGN KEY (`department_id`) REFERENCES `departments` (`id`) ON DELETE CASCADE,
  ADD CONSTRAINT `lecturers_user_id_foreign` FOREIGN KEY (`user_id`) REFERENCES `users` (`id`) ON DELETE CASCADE;

--
-- Constraints for table `modules`
--
ALTER TABLE `modules`
  ADD CONSTRAINT `modules_program_id_foreign` FOREIGN KEY (`program_id`) REFERENCES `programs` (`id`) ON DELETE CASCADE;

--
-- Constraints for table `module_distributions`
--
ALTER TABLE `module_distributions`
  ADD CONSTRAINT `module_distributions_module_id_foreign` FOREIGN KEY (`module_id`) REFERENCES `modules` (`id`) ON DELETE CASCADE,
  ADD CONSTRAINT `module_distributions_user_id_foreign` FOREIGN KEY (`user_id`) REFERENCES `users` (`id`) ON DELETE CASCADE;

--
-- Constraints for table `programs`
--
ALTER TABLE `programs`
  ADD CONSTRAINT `programs_department_id_foreign` FOREIGN KEY (`department_id`) REFERENCES `departments` (`id`) ON DELETE CASCADE;

--
-- Constraints for table `students`
--
ALTER TABLE `students`
  ADD CONSTRAINT `students_program_id_foreign` FOREIGN KEY (`program_id`) REFERENCES `programs` (`id`) ON DELETE CASCADE,
  ADD CONSTRAINT `students_user_id_foreign` FOREIGN KEY (`user_id`) REFERENCES `users` (`id`) ON DELETE CASCADE;

--
-- Constraints for table `users`
--
ALTER TABLE `users`
  ADD CONSTRAINT `users_department_id_foreign` FOREIGN KEY (`department_id`) REFERENCES `departments` (`id`) ON DELETE CASCADE,
  ADD CONSTRAINT `users_program_id_foreign` FOREIGN KEY (`program_id`) REFERENCES `programs` (`id`) ON DELETE CASCADE,
  ADD CONSTRAINT `users_role_id_foreign` FOREIGN KEY (`role_id`) REFERENCES `roles` (`id`) ON DELETE CASCADE;
COMMIT;

/*!40101 SET CHARACTER_SET_CLIENT=@OLD_CHARACTER_SET_CLIENT */;
/*!40101 SET CHARACTER_SET_RESULTS=@OLD_CHARACTER_SET_RESULTS */;
/*!40101 SET COLLATION_CONNECTION=@OLD_COLLATION_CONNECTION */;
